World Rank,Institution,Location,National Rank,Quality of Education,Alumni Employment,Quality of Faculty,Research Output,Quality Publications,Influence,Citations,Score,Latitude,Longitude
1,Harvard University,USA,1,2,1,1,1,1,1,1,100,39.7837304,-100.445882
2,Stanford University,USA,2,10,3,2,10,4,3,2,96.7,39.7837304,-100.445882
3,Massachusetts Institute of Technology,USA,3,3,11,3,30,15,2,6,95.1,39.7837304,-100.445882
4,University of Cambridge,United Kingdom,1,5,19,6,12,8,6,19,94,54.7023545,-3.2765753
5,University of Oxford,United Kingdom,2,9,25,10,9,5,7,4,93.2,54.7023545,-3.2765753
6,"University of California, Berkeley",USA,4,7,52,5,18,12,4,8,92.5,39.7837304,-100.445882
7,Princeton University,USA,5,4,15,4,146,99,28,27,91.9,39.7837304,-100.445882
8,Columbia University,USA,6,16,13,8,20,14,10,10,91.4,39.7837304,-100.445882
9,California Institute of Technology,USA,7,1,200,7,127,81,13,31,91,39.7837304,-100.445882
10,University of Chicago,USA,8,13,22,9,39,22,18,10,90.6,39.7837304,-100.445882
11,Yale University,USA,9,11,34,12,37,19,11,31,90.3,39.7837304,-100.445882
12,University of Tokyo,Japan,1,17,8,33,7,17,23,29,90,36.5748441,139.2394179
13,University of Pennsylvania,USA,10,31,9,30,16,11,17,13,89.7,39.7837304,-100.445882
14,Cornell University,USA,11,14,28,19,31,24,15,40,89.4,39.7837304,-100.445882
15,"University of California, Los Angeles",USA,12,58,63,11,13,10,14,5,89.1,39.7837304,-100.445882
16,Johns Hopkins University,USA,13,24,159,17,8,6,12,3,88.9,39.7837304,-100.445882
17,University of Toronto,Canada,1,86,157,23,2,2,16,7,88.7,61.0666922,-107.991707
18,"University of Michigan, Ann Arbor",USA,14,47,38,68,3,3,20,10,88.4,39.7837304,-100.445882
19,University of Washington - Seattle,USA,15,75,220,26,11,9,9,9,88.2,39.7837304,-100.445882
20,"University of California, San Diego",USA,16,37,1001,16,28,16,5,16,88,39.7837304,-100.445882
21,University College London,United Kingdom,3,32,739,28,5,7,19,19,87.8,54.7023545,-3.2765753
22,"University of California, San Francisco",USA,17,667,1001,13,45,23,8,17,87.7,39.7837304,-100.445882
23,Northwestern University,USA,18,129,18,44,52,28,36,34,87.5,39.7837304,-100.445882
24,Duke University,USA,19,98,46,47,36,20,21,14,87.3,39.7837304,-100.445882
25,New York University,USA,20,64,40,18,70,50,29,35,87.2,39.7837304,-100.445882
26,Kyoto University,Japan,2,25,29,24,29,45,48,101,87,36.5748441,139.2394179
27,University of WisconsinMadison,USA,21,65,79,32,32,26,30,15,86.9,39.7837304,-100.445882
28,ETH Zurich,Switzerland,1,29,98,20,57,42,27,59,86.7,46.7985624,8.2319736
29,Sorbonne University,France,1,46,344,56,6,13,24,22,86.6,46.603354,1.8883335
30,Imperial College London,United Kingdom,4,93,103,43,21,18,25,29,86.5,54.7023545,-3.2765753
31,University of Texas at Austin,USA,22,108,62,29,73,58,58,24,86.3,39.7837304,-100.445882
32,University of Illinois at UrbanaChampaign,USA,23,40,150,27,65,55,61,50,86.2,39.7837304,-100.445882
33,University of North Carolina at Chapel Hill,USA,24,205,120,72,50,30,33,21,86.1,39.7837304,-100.445882
34,University of Edinburgh,United Kingdom,5,61,325,36,72,56,31,48,86,54.7023545,-3.2765753
35,University of Minnesota Twin Cities,USA,25,131,302,76,24,21,35,28,85.9,39.7837304,-100.445882
36,Washington University in St. Louis,USA,26,206,161,64,81,46,22,22,85.8,39.7837304,-100.445882
37,McGill University,Canada,2,68,86,65,44,36,53,39,85.6,61.0666922,-107.991707
38,University of British Columbia,Canada,3,173,699,78,25,27,37,24,85.5,61.0666922,-107.991707
39,University of Copenhagen,Denmark,1,302,364,79,26,29,26,38,85.4,55.670249,10.3333283
40,Ohio State University,USA,27,165,254,70,33,31,50,35,85.3,39.7837304,-100.445882
41,Rutgers University-New Brunswick,USA,28,212,101,35,74,67,62,59,85.2,39.7837304,-100.445882
42,"University of California, Davis",USA,29,83,579,75,42,35,39,31,85.1,39.7837304,-100.445882
43,Pennsylvania State University,USA,30,374,168,60,43,40,41,51,85,39.7837304,-100.445882
44,University of Manchester,United Kingdom,6,171,227,63,49,48,65,35,85,54.7023545,-3.2765753
45,Weizmann Institute of Science,Israel,1,8,1001,22,445,292,69,254,84.9,39.3181528,-79.8109014
46,Heidelberg University,Germany,1,71,807,51,63,64,51,53,84.8,40.4203479,-79.1166983
47,"University of Maryland, College Park",USA,31,103,480,55,92,72,45,42,84.7,39.7837304,-100.445882
48,Ludwig Maximilian University of Munich,Germany,2,91,266,83,53,57,42,46,84.6,40.4203479,-79.1166983
49,Karolinska Institute,Sweden,1,162,1001,46,67,53,46,108,84.5,44.133435,-70.822678
50,University of Colorado Boulder,USA,32,134,170,41,145,111,40,59,84.4,39.7837304,-100.445882
51,University of Southern California,USA,33,215,111,40,121,88,74,66,84.4,39.7837304,-100.445882
52,University of Arizona,USA,34,166,164,53,111,96,43,48,84.3,39.7837304,-100.445882
53,Osaka University,Japan,3,70,65,61,59,82,83,174,84.2,36.5748441,139.2394179
54,University of Paris-Sud,France,2,49,815,38,103,86,98,76,84.1,46.603354,1.8883335
55,University of Geneva,Switzerland,2,35,381,31,147,130,87,72,84,46.7985624,8.2319736
56,Boston University,USA,35,572,112,106,113,75,52,26,84,39.7837304,-100.445882
57,University of Melbourne,Australia,1,232,408,180,35,34,54,40,83.9,-24.7761086,134.755
58,Brown University,USA,36,95,50,50,186,125,85,80,83.8,39.7837304,-100.445882
59,"University of California, Irvine",USA,37,264,1001,42,133,97,64,57,83.8,39.7837304,-100.445882
60,Seoul National University,South Korea,1,667,20,304,19,39,146,129,83.7,36.638392,127.6961188
61,Hebrew University of Jerusalem,Israel,2,19,400,15,177,143,122,405,83.6,39.3181528,-79.8109014
62,University of Florida,USA,38,472,485,113,40,44,90,43,83.6,39.7837304,-100.445882
63,"Purdue University, West Lafayette",USA,39,96,83,58,94,93,106,129,83.5,39.7837304,-100.445882
64,Vanderbilt University,USA,40,148,91,140,95,63,57,45,83.4,39.7837304,-100.445882
65,University of Bristol,United Kingdom,7,186,296,48,126,100,67,85,83.4,54.7023545,-3.2765753
66,University of Texas Southwestern Medical Center,USA,41,33,1001,39,244,151,34,187,83.3,39.7837304,-100.445882
67,Sapienza University of Rome,Italy,1,117,486,34,61,103,195,71,83.2,42.6384261,12.674297
68,King's College London,United Kingdom,8,43,341,110,88,65,79,72,83.2,54.7023545,-3.2765753
69,University of Zurich,Switzerland,3,267,771,108,80,70,49,51,83.1,46.7985624,8.2319736
70,"University of California, Santa Barbara",USA,42,149,596,25,229,146,80,63,83,39.7837304,-100.445882
71,University of Sydney,Australia,2,231,590,208,27,33,71,46,83,-24.7761086,134.755
72,Utrecht University,Netherlands,1,122,352,137,58,43,56,66,82.9,52.2434979,5.6343227
73,University of Pittsburgh,USA,43,187,233,304,34,25,47,18,82.9,39.7837304,-100.445882
74,University of Queensland,Australia,3,310,541,181,46,51,63,53,82.8,-24.7761086,134.755
75,University of Oslo,Norway,1,97,633,52,99,102,112,93,82.8,64.5731537,11.52803644
76,Rockefeller University,USA,44,15,1001,14,786,434,32,275,82.7,39.7837304,-100.445882
77,University of São Paulo,Brazil,1,583,256,109,4,60,162,139,82.6,-10.3333333,-53.2
78,"Texas A&M University, College Station",USA,45,625,183,57,85,95,133,101,82.6,39.7837304,-100.445882
79,University of Virginia,USA,46,271,31,168,151,116,95,85,82.5,39.7837304,-100.445882
80,Emory University,USA,47,667,197,164,101,66,55,63,82.5,39.7837304,-100.445882
81,Free University of Berlin,Germany,3,112,1001,124,64,76,72,85,82.4,40.4203479,-79.1166983
82,Australian National University,Australia,4,188,666,37,153,136,101,121,82.4,-24.7761086,134.755
83,University of Utah,USA,48,169,187,80,125,105,68,93,82.3,39.7837304,-100.445882
84,Paris Diderot University,France,3,192,1001,101,122,108,44,76,82.3,46.603354,1.8883335
85,Tel Aviv University,Israel,3,105,143,59,108,115,129,151,82.2,39.3181528,-79.8109014
86,Uppsala University,Sweden,2,102,548,84,107,107,66,114,82.2,44.133435,-70.822678
87,University of Barcelona,Spain,1,386,472,181,47,54,91,72,82.1,39.3260685,-4.8379791
88,Aarhus University,Denmark,2,589,379,114,83,79,78,121,82.1,55.670249,10.3333283
89,University of Texas MD Anderson Cancer Center,USA,49,667,1001,91,158,104,70,66,82,39.7837304,-100.445882
90,Leiden University,Netherlands,2,228,1001,118,118,78,81,80,82,52.2434979,5.6343227
91,Carnegie Mellon University,USA,50,34,145,21,318,228,221,129,81.9,39.7837304,-100.445882
92,Peking University,China,1,340,67,304,23,38,88,167,81.9,30.047992,-94.3357433
93,University of Helsinki,Finland,1,109,1001,135,82,83,77,108,81.8,63.2467777,25.9209164
94,Baylor College of Medicine,USA,51,667,1001,141,161,118,38,53,81.8,39.7837304,-100.445882
95,Lund University,Sweden,3,294,753,122,90,90,121,76,81.7,44.133435,-70.822678
96,University of Alberta,Canada,4,281,371,192,62,69,117,80,81.7,61.0666922,-107.991707
97,Grenoble Alpes University,France,4,334,1001,157,89,87,75,93,81.7,46.603354,1.8883335
98,Tsinghua University,China,2,586,109,304,22,41,96,108,81.6,30.047992,-94.3357433
99,University of Basel,Switzerland,4,142,393,54,218,162,89,139,81.6,46.7985624,8.2319736
100,University of Groningen,Netherlands,3,363,482,131,97,73,104,93,81.5,52.2434979,5.6343227
101,Humboldt University of Berlin,Germany,4,570,1001,225,69,77,73,80,81.5,40.4203479,-79.1166983
102,École Polytechnique Fédérale de Lausanne,Switzerland,5,400,92,141,184,126,102,53,81.4,46.7985624,8.2319736
103,National University of Singapore,Singapore,1,667,148,304,38,32,94,85,81.4,1.357107,103.8194992
104,Ghent University,Belgium,1,311,685,190,55,68,136,101,81.3,50.6402809,4.6667145
105,University of Rochester,USA,52,73,74,139,220,148,139,66,81.3,39.7837304,-100.445882
106,Erasmus University Rotterdam,Netherlands,4,667,90,264,120,84,107,72,81.3,52.2434979,5.6343227
107,KU Leuven,Belgium,2,667,429,304,48,47,84,66,81.2,50.6402809,4.6667145
108,University of Bern,Switzerland,6,183,1001,102,160,144,105,85,81.2,46.7985624,8.2319736
109,National Taiwan University,Taiwan,1,140,37,304,51,61,223,151,81.1,23.5983227,120.8353769
110,University of Montreal,Canada,5,486,455,205,86,91,93,139,81.1,61.0666922,-107.991707
111,"University of California, Santa Cruz",USA,53,343,1001,45,412,275,60,93,81.1,39.7837304,-100.445882
112,Technical University of Munich,Germany,5,89,339,226,106,98,86,139,81,40.4203479,-79.1166983
113,Nagoya University,Japan,4,69,366,67,132,165,169,222,81,36.5748441,139.2394179
114,Arizona State University,USA,54,667,796,111,155,139,113,114,80.9,39.7837304,-100.445882
115,University of Bonn,Germany,6,123,494,105,167,158,123,101,80.9,40.4203479,-79.1166983
116,École Polytechnique,France,5,85,5,240,488,396,348,254,80.9,46.603354,1.8883335
117,École normale supérieure,France,6,6,627,82,598,442,227,460,80.8,46.603354,1.8883335
118,University of Nottingham,United Kingdom,9,317,375,98,138,121,179,114,80.8,54.7023545,-3.2765753
119,University of New South Wales,Australia,5,399,126,278,68,74,154,85,80.8,-24.7761086,134.755
120,Tohoku University,Japan,5,82,158,246,60,101,166,167,80.7,36.5748441,139.2394179
121,McMaster University,Canada,6,339,660,202,140,133,124,57,80.7,61.0666922,-107.991707
122,Dartmouth College,USA,55,48,17,232,372,258,185,240,80.6,39.7837304,-100.445882
123,University of Amsterdam,Netherlands,5,175,872,298,79,62,82,85,80.6,52.2434979,5.6343227
124,Monash University,Australia,6,455,405,304,56,59,100,101,80.6,-24.7761086,134.755
125,University of Hamburg,Germany,7,594,414,177,139,138,130,114,80.5,40.4203479,-79.1166983
126,Moscow State University,Russia,1,23,384,71,98,289,279,304,80.5,40.2338211,-84.4096729
127,VU University Amsterdam,Netherlands,6,667,984,304,91,71,132,44,80.5,52.2434979,5.6343227
128,Stony Brook University,USA,56,373,1001,62,270,197,115,187,80.4,39.7837304,-100.445882
129,Rice University,USA,57,67,93,77,407,283,163,108,80.4,39.7837304,-100.445882
130,Radboud University Nijmegen,Netherlands,7,172,533,304,114,80,99,59,80.4,52.2434979,5.6343227
131,Cardiff University,United Kingdom,10,338,483,95,212,182,148,121,80.3,54.7023545,-3.2765753
132,University of Tübingen,Germany,8,94,1001,122,152,141,118,240,80.3,40.4203479,-79.1166983
133,University of Colorado Denver | Anschutz Medical Campus,USA,58,667,1001,94,234,167,134,139,80.3,39.7837304,-100.445882
134,University of Iowa,USA,59,292,373,212,148,120,108,151,80.2,39.7837304,-100.445882
135,University of Strasbourg,France,7,113,1001,49,258,197,157,275,80.2,46.603354,1.8883335
136,Shanghai Jiao Tong University,China,3,619,236,304,17,52,203,167,80.2,30.047992,-94.3357433
137,University of Southampton,United Kingdom,11,603,285,243,134,114,119,151,80.1,54.7023545,-3.2765753
138,Aix-Marseille University,France,8,401,941,304,87,89,76,139,80.1,46.603354,1.8883335
139,Georgia Institute of Technology,USA,60,282,151,157,144,117,171,222,80.1,39.7837304,-100.445882
140,Tokyo Institute of Technology,Japan,6,303,71,87,195,233,218,222,80,36.5748441,139.2394179
141,University of Montpellier,France,9,565,1001,214,142,129,125,139,80,46.603354,1.8883335
142,Case Western Reserve University,USA,61,60,259,280,183,140,109,76,80,39.7837304,-100.445882
143,Indiana University Bloomington,USA,62,237,78,133,267,193,161,163,79.9,39.7837304,-100.445882
144,Michigan State University,USA,63,209,281,304,110,106,145,65,79.9,39.7837304,-100.445882
145,University of Western Australia,Australia,7,273,663,253,123,123,141,121,79.9,-24.7761086,134.755
146,University of Lausanne,Switzerland,7,144,791,104,286,215,120,151,79.8,46.7985624,8.2319736
147,Technion  Israel Institute of Technology,Israel,4,79,271,69,271,227,213,200,79.8,39.3181528,-79.8109014
148,University of Milan,Italy,2,384,691,229,117,130,184,114,79.8,42.6384261,12.674297
149,Goethe University Frankfurt,Germany,9,220,642,107,219,205,152,222,79.7,40.4203479,-79.1166983
150,University of Padua,Italy,3,553,1001,304,96,110,144,80,79.7,42.6384261,12.674297
151,Oregon Health & Science University,USA,64,667,1001,172,295,208,111,108,79.7,39.7837304,-100.445882
152,Autonomous University of Barcelona,Spain,2,667,1001,153,131,135,206,187,79.6,39.3260685,-4.8379791
153,Icahn School of Medicine at Mount Sinai,USA,65,667,1001,304,202,145,59,101,79.6,39.7837304,-100.445882
154,Tufts University,USA,66,100,64,229,272,212,178,151,79.6,39.7837304,-100.445882
155,University of Göttingen,Germany,10,80,316,224,188,171,138,187,79.6,40.4203479,-79.1166983
156,Royal Institute of Technology,Sweden,4,266,45,126,242,232,322,222,79.5,44.133435,-70.822678
157,Zhejiang University,China,4,667,568,304,15,49,244,304,79.5,30.047992,-94.3357433
158,University of Glasgow,United Kingdom,12,284,264,304,165,128,103,114,79.5,54.7023545,-3.2765753
159,Stockholm University,Sweden,5,243,276,263,247,200,110,93,79.4,44.133435,-70.822678
160,University of Notre Dame,USA,67,397,30,103,379,274,286,327,79.4,39.7837304,-100.445882
161,Université catholique de Louvain,Belgium,3,355,524,116,254,217,254,85,79.4,50.6402809,4.6667145
162,University of Sheffield,United Kingdom,13,330,440,281,154,147,160,93,79.4,54.7023545,-3.2765753
163,University of Warwick,United Kingdom,14,221,239,164,233,184,204,151,79.3,54.7023545,-3.2765753
164,University of Leeds,United Kingdom,15,104,291,304,150,137,127,139,79.3,54.7023545,-3.2765753
165,University of Freiburg,Germany,11,217,209,286,187,160,128,129,79.3,40.4203479,-79.1166983
166,University of Gothenburg,Sweden,6,501,427,141,208,189,175,187,79.2,44.133435,-70.822678
167,North Carolina State University,USA,68,121,416,153,170,168,235,200,79.2,39.7837304,-100.445882
168,Wageningen University and Research,Netherlands,8,534,962,223,207,175,170,129,79.2,52.2434979,5.6343227
169,University of Birmingham,United Kingdom,16,164,355,292,129,119,142,187,79.2,54.7023545,-3.2765753
170,Fudan University,China,5,667,210,304,54,94,188,275,79.1,30.047992,-94.3357433
171,University of Hong Kong,Hong Kong,1,432,165,304,136,132,183,114,79.1,22.350627,114.1849161
172,University of Vienna,Austria,1,443,489,138,249,247,159,174,79.1,47.59397,14.12456
173,Nanyang Technological University,Singapore,2,667,1001,304,93,85,243,121,79.1,1.357107,103.8194992
174,Hokkaido University,Japan,7,415,305,177,137,173,209,304,79,36.5748441,139.2394179
175,Keio University,Japan,8,549,12,304,303,324,273,363,79,36.5748441,139.2394179
176,Université libre de Bruxelles,Belgium,4,358,258,81,290,264,228,200,79,50.6402809,4.6667145
177,Iowa State University,USA,69,563,245,134,203,195,214,222,78.9,39.7837304,-100.445882
178,Chinese University of Hong Kong,Hong Kong,2,247,1001,141,180,156,304,174,78.9,22.350627,114.1849161
179,University of Liverpool,United Kingdom,17,382,436,294,189,155,135,139,78.9,54.7023545,-3.2765753
180,University of Georgia,USA,70,204,337,216,193,190,165,275,78.9,39.7837304,-100.445882
181,Paris Descartes University,France,10,482,916,304,173,134,114,187,78.8,46.603354,1.8883335
182,University of Massachusetts Medical School,USA,71,667,1001,91,505,326,92,200,78.8,39.7837304,-100.445882
183,"University of Science and Technology, Korea",South Korea,2,667,1001,304,41,92,270,254,78.8,36.638392,127.6961188
184,University of Massachusetts Amherst,USA,72,297,253,198,289,226,212,121,78.8,39.7837304,-100.445882
185,University of Florence,Italy,4,458,765,112,213,231,305,200,78.7,42.6384261,12.674297
186,University of Münster,Germany,12,224,782,222,214,172,182,200,78.7,40.4203479,-79.1166983
187,Queen Mary University of London,United Kingdom,18,241,907,198,276,223,156,200,78.7,54.7023545,-3.2765753
188,Newcastle University,United Kingdom,19,667,498,261,236,188,140,174,78.7,54.7023545,-3.2765753
189,University of Chinese Academy of Sciences,China,6,667,1001,304,14,37,220,898,78.6,30.047992,-94.3357433
190,University of MissouriColumbia,USA,73,490,190,115,265,244,261,222,78.6,39.7837304,-100.445882
191,University of Alabama at Birmingham,USA,74,667,1001,304,198,152,126,139,78.6,39.7837304,-100.445882
192,Durham University,United Kingdom,20,141,327,89,327,255,236,240,78.6,54.7023545,-3.2765753
193,University of Connecticut,USA,75,573,417,141,210,191,211,254,78.5,39.7837304,-100.445882
194,University of Texas Health Science Center at Houston,USA,76,667,1001,194,298,238,143,187,78.5,39.7837304,-100.445882
195,Yeshiva University,USA,77,336,1001,266,305,222,97,151,78.5,39.7837304,-100.445882
196,University of Calgary,Canada,7,667,213,304,141,142,153,240,78.5,61.0666922,-107.991707
197,University of Miami,USA,78,667,286,304,204,174,137,129,78.4,39.7837304,-100.445882
198,Western University,Canada,8,454,105,304,164,164,202,167,78.4,61.0666922,-107.991707
199,Paul Sabatier University - Toulouse III,France,11,667,1001,304,185,161,116,174,78.4,46.603354,1.8883335
200,Nanjing University,China,7,479,563,304,78,109,317,163,78.4,30.047992,-94.3357433
201,University of Bologna,Italy,5,645,709,304,116,127,260,129,78.4,42.6384261,12.674297
202,Sun Yat-sen University,China,8,667,527,304,71,113,302,200,78.3,30.047992,-94.3357433
203,Charles University in Prague,Czech Republic,1,494,1001,241,135,230,237,200,78.3,49.7439047,15.3381061
204,University of Cincinnati,USA,79,290,195,304,222,178,167,151,78.3,39.7837304,-100.445882
205,University of Ottawa,Canada,9,366,431,304,162,157,164,200,78.3,61.0666922,-107.991707
206,University of Liège,Belgium,5,159,1001,91,337,334,242,174,78.2,50.6402809,4.6667145
207,TU Dresden,Germany,13,667,1001,304,172,178,176,129,78.2,40.4203479,-79.1166983
208,University of Turin,Italy,6,597,1001,202,199,210,263,200,78.2,42.6384261,12.674297
209,University of Science and Technology of China,China,9,667,347,304,102,112,248,254,78.2,30.047992,-94.3357433
210,"University of Maryland, Baltimore",USA,80,667,1001,304,253,192,150,101,78.1,39.7837304,-100.445882
211,University of Sussex,United Kingdom,21,219,387,73,482,365,269,163,78.1,54.7023545,-3.2765753
212,RWTH Aachen University,Germany,14,655,298,244,181,186,367,129,78.1,40.4203479,-79.1166983
213,University of Cologne,Germany,15,667,287,285,221,206,147,222,78.1,40.4203479,-79.1166983
214,University of Würzburg,Germany,16,244,853,213,268,220,186,240,78.1,40.4203479,-79.1166983
215,Technical University of Denmark,Denmark,3,640,830,287,216,203,196,93,78,55.670249,10.3333283
216,University of Erlangen-Nuremberg,Germany,17,346,928,304,166,166,189,151,78,40.4203479,-79.1166983
217,University of Illinois at Chicago,USA,81,431,1001,304,169,149,205,151,78,39.7837304,-100.445882
218,Sungkyunkwan University,South Korea,3,667,237,304,119,170,295,139,78,36.638392,127.6961188
219,Louisiana State University,USA,82,548,345,304,190,201,198,108,77.9,39.7837304,-100.445882
220,University of Lisbon,Portugal,1,622,1001,291,109,154,291,167,77.9,39.6621648,-8.1353519
221,Claude Bernard University Lyon 1,France,12,667,1001,304,171,150,158,254,77.9,46.603354,1.8883335
222,Yonsei University,South Korea,4,667,116,304,76,122,308,363,77.9,36.638392,127.6961188
223,University of Cape Town,South Africa,1,216,294,187,293,299,190,254,77.9,-28.8166236,24.991639
224,University of Kansas,USA,83,324,270,304,243,218,180,121,77.8,39.7837304,-100.445882
225,University College Dublin,Ireland,1,492,310,127,315,291,276,200,77.8,52.865196,-7.9794599
226,Kyushu University,Japan,9,508,106,304,124,176,238,363,77.8,36.5748441,139.2394179
227,University of Porto,Portugal,2,195,655,191,179,245,323,304,77.8,39.6621648,-8.1353519
228,"Trinity College, Dublin",Ireland,2,524,96,283,335,300,222,129,77.7,52.865196,-7.9794599
229,University of Adelaide,Australia,8,444,845,304,197,199,194,187,77.7,-24.7761086,134.755
230,University of the Witwatersrand,South Africa,2,133,80,216,367,377,187,304,77.7,-28.8166236,24.991639
231,University of Manitoba,Canada,10,301,207,194,281,272,288,275,77.7,61.0666922,-107.991707
232,Karlsruhe Institute of Technology,Germany,18,652,334,244,211,209,326,275,77.7,40.4203479,-79.1166983
233,University of Kiel,Germany,19,407,911,282,269,253,172,222,77.6,40.4203479,-79.1166983
234,Johannes Gutenberg University Mainz,Germany,20,556,1001,279,239,213,193,254,77.6,40.4203479,-79.1166983
235,Indiana University  Purdue University Indianapolis,USA,84,667,943,304,250,204,177,222,77.6,39.7837304,-100.445882
236,University of Auckland,New Zealand,1,481,468,304,235,236,250,121,77.6,-41.5000831,172.8344077
237,Korea University,South Korea,5,667,108,304,115,159,384,363,77.6,36.638392,127.6961188
238,University of Tsukuba,Japan,10,398,1001,130,259,277,266,405,77.5,36.5748441,139.2394179
239,Wake Forest University,USA,85,445,73,304,366,285,231,167,77.5,39.7837304,-100.445882
240,Ulm University,Germany,21,667,825,174,329,301,199,363,77.5,40.4203479,-79.1166983
241,Queensland University of Technology,Australia,9,667,1001,304,159,183,201,327,77.5,-24.7761086,134.755
242,University of Lille,France,13,541,1001,304,174,195,246,240,77.5,46.603354,1.8883335
243,University of Aberdeen,United Kingdom,22,587,649,219,348,293,210,254,77.4,54.7023545,-3.2765753
244,Colorado State University,USA,86,307,1001,254,282,256,216,304,77.4,39.7837304,-100.445882
245,"University of California, Riverside",USA,87,477,1001,304,328,240,149,200,77.4,39.7837304,-100.445882
246,Virginia Commonwealth University,USA,88,667,1001,189,330,278,251,304,77.4,39.7837304,-100.445882
247,University of Naples Federico II,Italy,7,616,949,304,149,177,338,200,77.4,42.6384261,12.674297
248,Florida State University,USA,89,475,645,304,275,235,232,139,77.3,39.7837304,-100.445882
249,Maastricht University,Netherlands,9,667,1001,304,223,169,293,187,77.3,52.2434979,5.6343227
250,Brandeis University,USA,90,20,251,66,948,636,217,405,77.3,39.7837304,-100.445882
251,Oregon State University,USA,91,328,519,304,294,267,173,187,77.3,39.7837304,-100.445882
252,University of Bergen,Norway,2,667,1001,304,264,241,181,222,77.3,64.5731537,11.52803644
253,Wayne State University,USA,92,667,263,304,266,234,267,163,77.2,39.7837304,-100.445882
254,"University of Tennessee, Knoxville",USA,93,585,288,304,231,224,233,240,77.2,39.7837304,-100.445882
255,Umeå University,Sweden,7,667,1001,238,336,281,207,275,77.2,44.133435,-70.822678
256,London School of Hygiene & Tropical Medicine,United Kingdom,23,667,1001,304,392,257,151,174,77.2,54.7023545,-3.2765753
257,University of New Mexico,USA,94,667,1001,304,304,251,174,200,77.2,39.7837304,-100.445882
258,National Autonomous University of Mexico,Mexico,1,491,1001,304,105,219,249,405,77.2,19.4326296,-99.1331785
259,University of Kentucky,USA,95,611,535,304,227,216,275,200,77.1,39.7837304,-100.445882
260,University of Warsaw,Poland,1,150,1001,96,380,415,360,275,77.1,52.215933,19.134422
261,Queen's University,Canada,11,588,378,141,320,287,316,363,77.1,61.0666922,-107.991707
262,University of South Florida,USA,96,667,724,304,256,248,256,174,77.1,39.7837304,-100.445882
263,Norwegian University of Science and Technology,Norway,3,523,397,88,339,349,463,327,77.1,64.5731537,11.52803644
264,Complutense University of Madrid,Spain,3,193,131,300,178,214,321,363,77,39.3260685,-4.8379791
265,Xi'an Jiaotong University,China,10,667,201,304,112,180,451,327,77,30.047992,-94.3357433
266,University of Leicester,United Kingdom,24,667,1001,304,345,280,131,275,77,54.7023545,-3.2765753
267,Medical University of Vienna,Austria,2,667,1001,304,301,252,200,200,77,47.59397,14.12456
268,University of Waterloo,Canada,12,667,222,304,196,194,353,275,77,61.0666922,-107.991707
269,Laval University,Canada,13,564,499,304,241,225,252,275,76.9,61.0666922,-107.991707
270,Shandong University,China,11,667,800,304,84,153,571,327,76.9,30.047992,-94.3357433
271,University of Valencia,Spain,4,667,1001,304,215,237,349,174,76.9,39.3260685,-4.8379791
272,University of East Anglia,United Kingdom,25,227,1001,227,471,353,224,187,76.9,54.7023545,-3.2765753
273,University at Buffalo,USA,97,233,747,304,263,221,292,222,76.9,39.7837304,-100.445882
274,London School of Economics,United Kingdom,26,44,85,90,655,506,627,240,76.9,54.7023545,-3.2765753
275,Virginia Tech,USA,98,544,322,304,206,211,259,363,76.8,39.7837304,-100.445882
276,Huazhong University of Science and Technology,China,12,667,244,304,77,124,537,541,76.8,30.047992,-94.3357433
277,Washington State University,USA,99,667,748,174,321,312,289,460,76.8,39.7837304,-100.445882
278,Dalhousie University,Canada,14,218,290,304,308,305,225,200,76.8,61.0666922,-107.991707
279,University of York,United Kingdom,27,667,1001,304,362,284,208,174,76.8,54.7023545,-3.2765753
280,Autonomous University of Madrid,Spain,5,667,932,304,257,246,285,240,76.7,39.3260685,-4.8379791
281,University of Exeter,United Kingdom,28,506,684,304,331,270,168,327,76.7,54.7023545,-3.2765753
282,University of South Carolina - Columbia,USA,100,667,503,257,334,288,436,174,76.7,39.7837304,-100.445882
283,University of Rome Tor Vergata,Italy,8,667,1001,304,273,282,303,174,76.7,42.6384261,12.674297
284,Delft University of Technology,Netherlands,10,566,406,304,224,228,281,363,76.7,52.2434979,5.6343227
285,University of Pisa,Italy,9,538,1001,304,228,261,337,222,76.7,42.6384261,12.674297
286,Kobe University,Japan,11,160,445,141,369,418,318,327,76.6,36.5748441,139.2394179
287,Leipzig University,Germany,22,599,1001,295,284,279,229,275,76.6,40.4203479,-79.1166983
288,University of Delaware,USA,101,396,688,177,371,304,341,405,76.6,39.7837304,-100.445882
289,Georgetown University,USA,102,277,59,304,427,331,319,275,76.6,39.7837304,-100.445882
290,University of Duisburg-Essen,Germany,23,667,1001,304,299,297,215,254,76.6,40.4203479,-79.1166983
291,Ruhr University Bochum,Germany,24,667,370,304,245,259,283,327,76.6,40.4203479,-79.1166983
292,University of Antwerp,Belgium,6,667,714,304,287,262,329,200,76.5,50.6402809,4.6667145
293,University of Buenos Aires,Argentina,1,305,1001,231,237,306,350,460,76.5,-34.9964963,-64.9672817
294,University of Düsseldorf,Germany,25,409,1001,304,347,317,219,222,76.5,40.4203479,-79.1166983
295,KAIST,South Korea,6,667,156,304,209,187,306,673,76.5,36.638392,127.6961188
296,Sichuan University,China,13,667,1001,304,75,181,370,898,76.5,30.047992,-94.3357433
297,National Cheng Kung University,Taiwan,2,667,102,304,168,202,484,541,76.5,23.5983227,120.8353769
298,Federal University of Rio de Janeiro,Brazil,2,316,401,304,192,316,328,304,76.4,-10.3333333,-53.2
299,University of Houston,USA,103,667,114,304,358,311,290,275,76.4,39.7837304,-100.445882
300,Harbin Institute of Technology,China,14,667,470,304,104,163,794,405,76.4,30.047992,-94.3357433
301,University of Innsbruck,Austria,3,414,787,136,528,450,241,327,76.4,47.59397,14.12456
302,Chinese Academy of Medical Sciences & Peking Union Medical College,China,15,667,1001,304,248,310,239,363,76.4,30.047992,-94.3357433
303,Waseda University,Japan,12,562,23,304,470,471,445,541,76.4,36.5748441,139.2394179
304,University of Texas at Dallas,USA,104,412,493,185,521,401,383,222,76.3,39.7837304,-100.445882
305,National and Kapodistrian University of Athens,Greece,1,667,634,304,201,268,416,275,76.3,43.2097838,-77.6930602
306,University of Hawaii at Manoa,USA,105,667,1001,100,574,447,245,541,76.3,39.7837304,-100.445882
307,University of Lorraine,France,14,470,376,271,311,328,314,363,76.3,46.603354,1.8883335
308,George Washington University,USA,106,413,169,304,352,295,234,405,76.3,39.7837304,-100.445882
309,University of Otago,New Zealand,2,667,864,304,323,308,282,254,76.3,-41.5000831,172.8344077
310,Versailles Saint-Quentin-en-Yvelines University,France,15,667,1001,304,442,344,191,240,76.2,46.603354,1.8883335
311,Simon Fraser University,Canada,15,667,1001,304,370,302,262,254,76.2,61.0666922,-107.991707
312,Tongji University,China,16,335,248,304,156,250,396,541,76.2,30.047992,-94.3357433
313,University of NebraskaLincoln,USA,107,360,386,304,325,298,309,275,76.2,39.7837304,-100.445882
314,University of Perugia,Italy,10,667,1001,164,426,412,307,460,76.2,42.6384261,12.674297
315,Queen's University Belfast,United Kingdom,29,371,752,304,356,309,294,254,76.2,54.7023545,-3.2765753
316,University of Texas Health Science Center at San Antonio,USA,108,667,1001,304,489,358,240,167,76.1,39.7837304,-100.445882
317,University of Jena,Germany,26,667,1001,299,278,266,264,460,76.1,40.4203479,-79.1166983
318,University of Granada,Spain,6,667,1001,304,251,294,497,200,76.1,39.3260685,-4.8379791
319,South China University of Technology,China,17,667,228,304,200,242,661,304,76.1,30.047992,-94.3357433
320,University of Dundee,United Kingdom,30,318,1001,304,536,391,192,174,76.1,54.7023545,-3.2765753
321,Vrije Universiteit Brussel,Belgium,7,213,1001,304,350,320,271,304,76.1,50.6402809,4.6667145
322,George Mason University,USA,109,667,1001,85,560,487,357,460,76,39.7837304,-100.445882
323,King Abdulaziz University,Saudi Arabia,1,667,1001,304,255,357,274,363,76,25.6242618,42.3528328
324,Macquarie University,Australia,10,667,667,277,393,339,299,327,76,-24.7761086,134.755
325,Pontifical Catholic University of Chile,Chile,1,252,221,235,385,428,330,405,76,-31.7613365,-71.3187697
326,University of Guelph,Canada,16,667,1001,304,360,352,325,200,76,61.0666922,-107.991707
327,University of Regensburg,Germany,27,667,727,304,386,341,258,275,76,40.4203479,-79.1166983
328,Central South University,China,18,667,262,304,129,262,617,460,76,30.047992,-94.3357433
329,Grenoble Institute of Technology,France,16,200,1001,261,388,354,572,200,75.9,46.603354,1.8883335
330,Thomas Jefferson University,USA,110,274,1001,304,461,368,331,151,75.9,39.7837304,-100.445882
331,Mines ParisTech,France,17,315,7,214,1001,1001,824,1001,75.9,46.603354,1.8883335
332,University of St Andrews,United Kingdom,31,279,811,304,437,318,197,405,75.9,54.7023545,-3.2765753
333,Medical University of South Carolina,USA,111,667,1001,304,421,333,320,222,75.9,39.7837304,-100.445882
334,Jilin University,China,19,463,551,304,100,185,462,1001,75.9,30.047992,-94.3357433
335,Wuhan University,China,20,667,383,304,143,207,458,898,75.8,30.047992,-94.3357433
336,Hanyang University,South Korea,7,667,241,304,194,276,479,460,75.8,36.638392,127.6961188
337,Nankai University,China,21,628,354,304,252,254,468,405,75.8,30.047992,-94.3357433
338,University of Southern Denmark,Denmark,4,667,1001,304,376,329,280,327,75.8,55.670249,10.3333283
339,University of Turku,Finland,2,667,1001,304,355,322,277,363,75.8,63.2467777,25.9209164
340,Hong Kong University of Science and Technology,Hong Kong,3,667,496,304,354,265,465,254,75.8,22.350627,114.1849161
341,Temple University,USA,112,537,754,304,382,321,296,327,75.8,39.7837304,-100.445882
342,Hong Kong Polytechnic University,Hong Kong,4,667,301,304,238,243,877,304,75.7,22.350627,114.1849161
343,University of Belgrade,Serbia,1,542,1001,304,157,370,491,327,75.7,44.02432285,21.07657433
344,Northeastern University,USA,113,581,144,304,473,360,247,363,75.7,39.7837304,-100.445882
345,University of Stuttgart,Germany,28,185,358,238,479,441,391,304,75.7,40.4203479,-79.1166983
346,Dalian University of Technology,China,22,667,257,304,176,269,745,405,75.7,30.047992,-94.3357433
347,Tianjin University,China,23,667,172,304,182,249,677,541,75.7,30.047992,-94.3357433
348,Pohang University of Science and Technology,South Korea,8,667,1001,304,363,315,352,304,75.7,36.638392,127.6961188
349,University of Genoa,Italy,11,667,1001,304,306,327,385,304,75.6,42.6384261,12.674297
350,Hannover Medical School,Germany,29,667,1001,304,373,332,226,460,75.6,40.4203479,-79.1166983
351,Griffith University,Australia,11,667,1001,304,361,375,351,240,75.6,-24.7761086,134.755
352,"University at Albany, SUNY",USA,114,130,920,204,600,473,411,254,75.6,39.7837304,-100.445882
353,University of Giessen,Germany,30,667,1001,304,387,356,390,222,75.6,40.4203479,-79.1166983
354,Drexel University,USA,115,667,292,304,444,378,386,187,75.6,39.7837304,-100.445882
355,Aalto University,Finland,3,667,238,304,340,319,398,363,75.6,63.2467777,25.9209164
356,Pompeu Fabra University,Spain,7,667,1001,304,559,402,155,405,75.5,39.3260685,-4.8379791
357,Linköping University,Sweden,8,667,549,304,343,330,388,327,75.5,44.133435,-70.822678
358,City University of Hong Kong,Hong Kong,5,667,1001,304,262,239,798,327,75.5,22.350627,114.1849161
359,University of the Basque Country,Spain,8,667,1001,304,288,296,343,541,75.5,39.3260685,-4.8379791
360,University of Campinas,Brazil,3,667,1001,304,163,307,528,541,75.5,-10.3333333,-53.2
361,"Soochow University, China",China,24,667,1001,304,226,271,704,405,75.5,30.047992,-94.3357433
362,Kansas State University,USA,116,288,451,304,448,409,336,254,75.5,39.7837304,-100.445882
363,University of Victoria,Canada,17,667,1001,304,428,351,365,275,75.4,61.0666922,-107.991707
364,Polytechnic University of Milan,Italy,12,263,458,272,344,345,628,363,75.4,42.6384261,12.674297
365,University of Oulu,Finland,4,503,665,304,446,407,310,275,75.4,63.2467777,25.9209164
366,University of Pavia,Italy,13,560,675,300,375,361,434,275,75.4,42.6384261,12.674297
367,Southeast University,China,25,385,1001,304,175,286,654,541,75.4,30.047992,-94.3357433
368,Swedish University of Agricultural Sciences,Sweden,9,196,1001,304,430,379,297,363,75.4,44.133435,-70.822678
369,Xiamen University,China,26,667,177,304,246,260,471,898,75.4,30.047992,-94.3357433
370,University of Ljubljana,Slovenia,1,667,1001,304,260,374,415,405,75.3,46.1199444,14.8153333
371,Islamic Azad University,Iran,1,667,1001,304,66,406,1001,460,75.3,2.9368696,115.4443356
372,"UNESP, São Paulo State University",Brazil,4,667,1001,304,128,347,639,541,75.3,-10.3333333,-53.2
373,University of New Hampshire,USA,117,667,508,120,762,612,340,405,75.3,39.7837304,-100.445882
374,Medical College of Wisconsin,USA,118,667,1001,304,499,387,268,327,75.3,39.7837304,-100.445882
375,Aristotle University of Thessaloniki,Greece,2,667,1001,304,285,384,670,240,75.3,43.2097838,-77.6930602
376,University of Vermont,USA,119,372,459,304,524,389,301,304,75.3,39.7837304,-100.445882
377,Hiroshima University,Japan,13,667,1001,304,312,366,311,541,75.2,36.5748441,139.2394179
378,National Tsing Hua University,Taiwan,3,321,1001,304,316,273,489,460,75.2,23.5983227,120.8353769
379,Eindhoven University of Technology,Netherlands,11,667,759,259,377,335,526,541,75.2,52.2434979,5.6343227
380,University of Marburg,Germany,31,574,1001,303,439,364,265,460,75.2,40.4203479,-79.1166983
381,Jagiellonian University,Poland,2,667,1001,304,279,381,380,460,75.2,52.215933,19.134422
382,Pusan National University,South Korea,9,667,695,304,204,343,519,541,75.2,36.638392,127.6961188
383,Beijing Normal University,China,27,110,1001,304,277,313,510,541,75.2,30.047992,-94.3357433
384,University of Chile,Chile,2,411,466,274,319,410,324,898,75.1,-31.7613365,-71.3187697
385,Kyung Hee University,South Korea,10,489,1001,304,240,342,561,460,75.1,36.638392,127.6961188
386,Lancaster University,United Kingdom,32,667,565,304,456,388,424,254,75.1,54.7023545,-3.2765753
387,Deakin University,Australia,12,667,922,304,397,385,481,254,75.1,-24.7761086,134.755
388,York University,Canada,18,667,243,304,468,408,419,275,75.1,61.0666922,-107.991707
389,Okayama University,Japan,14,667,491,304,381,430,378,363,75.1,36.5748441,139.2394179
390,James Cook University,Australia,13,667,1001,304,537,453,253,327,75.1,-24.7761086,134.755
391,University of Bath,United Kingdom,33,667,612,304,475,392,356,327,75.1,54.7023545,-3.2765753
392,University of Trieste,Italy,14,667,918,304,535,457,315,254,75,42.6384261,12.674297
393,"University of Oklahoma, Norman",USA,120,667,360,304,460,422,417,275,75,39.7837304,-100.445882
394,Ben-Gurion University of the Negev,Israel,5,667,1001,304,313,303,399,673,75,39.3181528,-79.8109014
395,University of Twente,Netherlands,12,667,927,304,422,363,520,275,75,52.2434979,5.6343227
396,China Agricultural University,China,28,667,1001,304,297,340,373,673,75,30.047992,-94.3357433
397,University of Wollongong,Australia,14,667,562,304,410,381,403,363,75,-24.7761086,134.755
398,Federal University of Rio Grande do Sul,Brazil,5,667,1001,304,230,419,507,460,75,-10.3333333,-53.2
399,University of Tasmania,Australia,15,667,1001,304,459,398,284,460,75,-24.7761086,134.755
400,Curtin University,Australia,16,667,1001,304,324,338,300,898,74.9,-24.7761086,134.755
401,TU Wien,Austria,4,662,737,304,425,413,395,327,74.9,47.59397,14.12456
402,University of KwaZulu-Natal,South Africa,3,509,277,304,400,526,347,327,74.9,-28.8166236,24.991639
403,University of Coimbra,Portugal,3,659,1001,304,332,395,433,405,74.9,39.6621648,-8.1353519
404,University of Milano-Bicocca,Italy,15,667,1001,304,409,369,375,405,74.9,42.6384261,12.674297
405,University of Louisville,USA,121,462,877,304,454,404,437,275,74.9,39.7837304,-100.445882
406,Federal University of Minas Gerais,Brazil,6,667,668,304,261,416,478,460,74.9,-10.3333333,-53.2
407,University of Reading,United Kingdom,34,466,104,304,496,394,422,460,74.8,54.7023545,-3.2765753
408,Kyungpook National University,South Korea,11,667,793,304,280,373,682,363,74.8,36.638392,127.6961188
409,University of Rennes 1,France,18,667,1001,304,404,350,376,460,74.8,46.603354,1.8883335
410,Technical University of Berlin,Germany,32,184,479,304,398,372,492,363,74.8,40.4203479,-79.1166983
411,University of Saskatchewan,Canada,19,618,647,304,338,348,483,460,74.8,61.0666922,-107.991707
412,Martin Luther University of Halle-Wittenberg,Germany,33,653,1001,269,477,458,358,541,74.8,40.4203479,-79.1166983
413,Eötvös Loránd University,Hungary,1,125,1001,141,629,619,490,405,74.8,41.9767629,-72.7789842
414,University of Seville,Spain,9,667,1001,304,307,325,547,541,74.8,39.3260685,-4.8379791
415,Polytechnic University of Catalonia,Spain,10,158,600,304,349,359,620,405,74.7,39.3260685,-4.8379791
416,Catholic University of the Sacred Heart,Italy,16,667,1001,304,431,440,426,327,74.7,42.6384261,12.674297
417,University of Konstanz,Germany,34,667,1001,141,726,518,342,673,74.7,40.4203479,-79.1166983
418,University of Eastern Finland,Finland,5,667,1001,304,440,383,332,541,74.7,63.2467777,25.9209164
419,École normale supérieure de Lyon,France,19,230,1001,273,646,461,230,673,74.7,46.603354,1.8883335
420,Indian Institute of Science,India,1,667,573,304,342,336,718,405,74.7,22.3511148,78.6677428
421,King Saud University,Saudi Arabia,2,667,442,304,191,435,452,898,74.7,25.6242618,42.3528328
422,Scuola Normale Superiore,Italy,17,269,1001,74,919,663,551,541,74.7,42.6384261,12.674297
423,University of Bremen,Germany,35,667,1001,304,514,472,287,405,74.6,40.4203479,-79.1166983
424,University of Strathclyde,United Kingdom,35,667,361,304,466,424,523,304,74.6,54.7023545,-3.2765753
425,University of Newcastle,Australia,17,667,1001,304,399,367,402,541,74.6,-24.7761086,134.755
426,University of Santiago de Compostela,Spain,11,667,933,304,401,411,567,327,74.6,39.3260685,-4.8379791
427,National Chiao Tung University,Taiwan,4,667,340,304,310,290,715,673,74.6,23.5983227,120.8353769
428,University of Oregon,USA,122,476,1001,304,592,431,298,405,74.6,39.7837304,-100.445882
429,Tulane University,USA,123,576,295,304,494,405,333,541,74.6,39.7837304,-100.445882
430,Rensselaer Polytechnic Institute,USA,124,139,153,304,664,504,430,254,74.6,39.7837304,-100.445882
431,University of Bari,Italy,18,667,1001,304,418,414,346,541,74.5,42.6384261,12.674297
432,Chonnam National University,South Korea,12,667,1001,304,317,403,619,405,74.5,36.638392,127.6961188
433,Capital Medical University,China,29,667,1001,304,292,429,642,405,74.5,30.047992,-94.3357433
434,King Abdullah University of Science and Technology,Saudi Arabia,3,667,1001,168,693,451,394,898,74.5,25.6242618,42.3528328
435,Rush University,USA,125,667,1001,304,607,455,413,240,74.5,39.7837304,-100.445882
436,INSEAD,France,20,667,2,304,1001,1001,1001,1001,74.5,46.603354,1.8883335
437,Texas Tech University,USA,126,667,448,304,423,416,539,363,74.5,39.7837304,-100.445882
438,University of Pretoria,South Africa,4,667,686,246,416,555,600,460,74.5,-28.8166236,24.991639
439,New University of Lisbon,Portugal,4,667,1001,207,481,482,592,673,74.4,39.6621648,-8.1353519
440,University of Oviedo,Spain,12,667,1001,304,480,462,425,327,74.4,39.3260685,-4.8379791
441,Saint Louis University,USA,127,667,363,287,613,517,334,363,74.4,39.7837304,-100.445882
442,Federal University of São Paulo,Brazil,7,667,1001,304,341,508,580,327,74.4,-10.3333333,-53.2
443,Vita-Salute San Raffaele University,Italy,19,667,1001,304,618,446,255,460,74.4,42.6384261,12.674297
444,University of Ulsan,South Korea,13,667,641,304,322,376,473,673,74.4,36.638392,127.6961188
445,University of Siena,Italy,20,667,1001,304,506,468,429,304,74.4,42.6384261,12.674297
446,University of La Laguna,Spain,13,667,1001,304,571,519,363,275,74.4,39.3260685,-4.8379791
447,University of Nice Sophia Antipolis,France,21,513,1001,304,555,474,278,460,74.4,46.603354,1.8883335
448,Stellenbosch University,South Africa,5,555,139,304,428,500,409,541,74.3,-28.8166236,24.991639
449,University of Zaragoza,Spain,14,666,971,304,351,355,582,541,74.3,39.3260685,-4.8379791
450,University of Canterbury,New Zealand,3,306,326,153,641,615,449,673,74.3,-41.5000831,172.8344077
451,University of Malaya,Malaysia,1,667,342,304,225,397,879,673,74.3,4.5693754,102.2656823
452,Cairo University,Egypt,1,569,1001,228,378,629,602,541,74.3,35.8681298,-90.9456751
453,Aalborg University,Denmark,5,667,813,304,486,463,470,327,74.3,55.670249,10.3333283
454,University of Bordeaux,France,22,651,1001,304,519,437,355,460,74.3,46.603354,1.8883335
455,University of Central Florida,USA,128,667,1001,304,463,421,480,405,74.3,39.7837304,-100.445882
456,University of Ferrara,Italy,21,667,1001,304,539,476,414,327,74.2,42.6384261,12.674297
457,TU Darmstadt,Germany,36,137,772,304,464,426,536,405,74.2,40.4203479,-79.1166983
458,University of Savoy,France,23,667,1001,304,636,514,418,240,74.2,46.603354,1.8883335
459,University of Mississippi,USA,129,667,1001,304,493,427,405,460,74.2,39.7837304,-100.445882
460,Lanzhou University,China,30,667,1001,304,274,314,765,898,74.2,30.047992,-94.3357433
461,University of Tehran,Iran,2,428,1001,254,217,436,1001,1001,74.2,2.9368696,115.4443356
462,University of Modena and Reggio Emilia,Italy,22,667,1001,304,523,490,506,275,74.2,42.6384261,12.674297
463,University of Zagreb,Croatia,1,667,1001,304,296,549,503,460,74.2,45.3658443,15.6575209
464,Chalmers University of Technology,Sweden,10,657,419,304,408,380,467,673,74.2,44.133435,-70.822678
465,China University of Geosciences,China,31,667,1001,304,353,486,534,460,74.1,30.047992,-94.3357433
466,Medical University of Innsbruck,Austria,5,667,1001,304,616,502,431,275,74.1,47.59397,14.12456
467,National Yang-Ming University,Taiwan,5,667,1001,304,359,346,485,898,74.1,23.5983227,120.8353769
468,University of Sherbrooke,Canada,20,667,1001,304,575,483,450,304,74.1,61.0666922,-107.991707
469,University of Texas Medical Branch,USA,130,667,1001,304,637,469,339,405,74.1,39.7837304,-100.445882
470,University of Verona,Italy,23,667,1001,304,594,539,423,275,74.1,42.6384261,12.674297
471,Mahidol University,Thailand,1,667,1001,304,424,460,312,898,74.1,13.03876215,101.7001761
472,Polytechnic University of Valencia,Spain,15,667,1001,304,374,371,575,673,74.1,39.3260685,-4.8379791
473,University College Cork,Ireland,3,526,1001,304,518,452,447,405,74.1,52.865196,-7.9794599
474,University of Hanover,Germany,37,667,1001,304,449,454,555,405,74,40.4203479,-79.1166983
475,University of Parma,Italy,24,667,776,304,516,481,533,327,74,42.6384261,12.674297
476,University of Iceland,Iceland,1,667,1001,304,770,597,257,327,74,64.9841821,-18.1059013
477,University of Bayreuth,Germany,38,667,1001,304,667,523,362,327,74,40.4203479,-79.1166983
478,West Virginia University,USA,131,600,260,304,501,467,487,460,74,39.7837304,-100.445882
479,University of Trento,Italy,25,667,1001,304,565,485,474,405,74,42.6384261,12.674297
480,Georgia State University,USA,132,667,664,304,554,449,453,405,74,39.7837304,-100.445882
481,Southern Methodist University,USA,133,332,27,304,976,735,605,460,74,39.7837304,-100.445882
482,Chiba University,Japan,15,667,1001,304,415,432,374,898,74,36.5748441,139.2394179
483,University of Nebraska Medical Center,USA,134,667,1001,304,649,509,345,405,73.9,39.7837304,-100.445882
484,University of Electronic Science and Technology of China,China,32,667,720,304,291,393,952,673,73.9,30.047992,-94.3357433
485,Beihang University,China,33,667,803,304,232,323,965,1001,73.9,30.047992,-94.3357433
486,San Diego State University,USA,135,497,456,304,648,511,366,405,73.9,39.7837304,-100.445882
487,AgroParisTech,France,24,667,505,304,632,484,359,460,73.9,46.603354,1.8883335
488,Chulalongkorn University,Thailand,2,667,117,304,435,582,645,460,73.9,13.03876215,101.7001761
489,University of Tromsø  The Arctic University of Norway,Norway,4,667,1001,304,541,456,387,541,73.9,64.5731537,11.52803644
490,University of Tartu,Estonia,1,521,1001,304,590,577,272,541,73.9,58.7523778,25.3319078
491,University of Alabama - Tuscaloosa,USA,136,299,246,304,580,536,531,327,73.9,39.7837304,-100.445882
492,Bar-Ilan University,Israel,6,533,840,304,512,438,379,673,73.8,39.3181528,-79.8109014
493,Flinders University,Australia,18,253,1001,304,511,476,406,541,73.8,-24.7761086,134.755
494,Saarland University,Germany,39,667,531,304,464,420,469,673,73.8,40.4203479,-79.1166983
495,Clemson University,USA,137,667,980,304,492,465,583,405,73.8,39.7837304,-100.445882
496,Hunan University,China,34,667,542,304,365,400,1001,541,73.8,30.047992,-94.3357433
497,East China University of Science and Technology,China,35,667,1001,304,300,362,829,898,73.8,30.047992,-94.3357433
498,"Open University, UK",United Kingdom,36,667,1001,194,788,701,432,541,73.8,54.7023545,-3.2765753
499,University of Wyoming,USA,138,667,559,304,715,561,344,363,73.8,39.7837304,-100.445882
500,Lehigh University,USA,139,289,48,304,891,695,500,405,73.8,39.7837304,-100.445882
501,National Central University,Taiwan,6,402,1001,304,451,444,455,673,73.7,23.5983227,120.8353769
502,Tilburg University,Netherlands,13,667,395,172,760,575,1001,460,73.7,52.2434979,5.6343227
503,University of Science and Technology Beijing,China,36,667,204,304,333,439,1001,673,73.7,30.047992,-94.3357433
504,University of Surrey,United Kingdom,37,406,475,304,525,459,545,460,73.7,54.7023545,-3.2765753
505,Tokyo Medical and Dental University,Japan,16,667,1001,304,563,505,369,541,73.7,36.5748441,139.2394179
506,Paris Dauphine University,France,25,118,171,128,955,677,495,898,73.7,46.603354,1.8883335
507,University of Potsdam,Germany,40,667,1001,304,601,489,327,673,73.7,40.4203479,-79.1166983
508,Brigham Young University,USA,140,571,829,304,584,527,440,405,73.7,39.7837304,-100.445882
509,University of Palermo,Italy,26,667,1001,304,438,494,633,460,73.7,42.6384261,12.674297
510,Chang Gung University,Taiwan,7,667,1001,304,314,337,687,1001,73.6,23.5983227,120.8353769
511,University of Catania,Italy,27,425,1001,304,419,469,771,460,73.6,42.6384261,12.674297
512,Boston College,USA,141,667,152,304,813,611,368,363,73.6,39.7837304,-100.445882
513,University of Nantes,France,26,667,1001,304,568,497,509,405,73.6,46.603354,1.8883335
514,University of Tampere,Finland,6,667,715,304,638,528,381,460,73.6,63.2467777,25.9209164
515,Beijing Institute of Technology,China,37,667,1001,304,309,399,1001,673,73.6,30.047992,-94.3357433
516,University of Poitiers,France,27,496,1001,188,784,662,609,541,73.6,46.603354,1.8883335
517,Utah State University,USA,142,352,726,304,657,579,438,363,73.6,39.7837304,-100.445882
518,NUI Galway,Ireland,4,667,1001,304,651,565,442,363,73.6,52.865196,-7.9794599
519,Tata Institute of Fundamental Research,India,2,667,1001,304,699,534,444,363,73.6,22.3511148,78.6677428
520,University of Burgundy,France,28,450,1001,304,566,498,504,460,73.5,46.603354,1.8883335
521,National Chung Hsing University,Taiwan,8,667,333,304,467,478,741,541,73.5,23.5983227,120.8353769
522,University of Minho,Portugal,5,667,1001,304,507,542,696,363,73.5,39.6621648,-8.1353519
523,University of Hull,United Kingdom,38,554,223,201,754,631,573,898,73.5,54.7023545,-3.2765753
524,"St George's, University of London",United Kingdom,39,667,1001,304,825,633,407,254,73.5,54.7023545,-3.2765753
525,Hacettepe University,Turkey,1,667,1001,304,390,684,521,460,73.5,38.9597594,34.9249653
526,Loyola University Chicago,USA,143,667,819,304,744,608,404,327,73.5,39.7837304,-100.445882
527,Oklahoma State University,USA,144,474,399,304,502,487,754,460,73.5,39.7837304,-100.445882
528,Colorado School of Mines,USA,145,667,61,304,880,717,549,405,73.5,39.7837304,-100.445882
529,Swansea University,United Kingdom,40,667,1001,304,639,533,427,460,73.4,54.7023545,-3.2765753
530,National Polytechnic Institute of Toulouse,France,29,667,206,304,567,499,700,460,73.4,46.603354,1.8883335
531,Massey University,New Zealand,4,667,967,304,573,593,482,405,73.4,-41.5000831,172.8344077
532,Florida International University,USA,146,667,1001,304,538,492,544,541,73.4,39.7837304,-100.445882
533,East China Normal University,China,38,667,522,304,383,386,626,1001,73.4,30.047992,-94.3357433
534,La Trobe University,Australia,19,667,1001,304,529,491,392,898,73.4,-24.7761086,134.755
535,Chongqing University,China,39,667,597,304,302,423,1001,898,73.4,30.047992,-94.3357433
536,Shanghai University,China,40,667,989,304,357,443,1001,673,73.4,30.047992,-94.3357433
537,University of Plymouth,United Kingdom,41,667,1001,304,695,563,477,363,73.4,54.7023545,-3.2765753
538,Ewha Womans University,South Korea,14,667,1001,304,487,463,588,673,73.4,36.638392,127.6961188
539,Technical University of Dortmund,Germany,41,667,1001,304,588,512,560,460,73.3,40.4203479,-79.1166983
540,"Royal Holloway, University of London",United Kingdom,42,381,926,304,836,648,397,304,73.3,54.7023545,-3.2765753
541,Saint Petersburg State University,Russia,2,81,452,304,402,601,557,898,73.3,40.2338211,-84.4096729
542,Bielefeld University,Germany,42,667,1001,304,652,537,408,541,73.3,40.4203479,-79.1166983
543,Northwestern Polytechnical University,China,41,667,682,304,326,425,1001,898,73.3,30.047992,-94.3357433
544,Konkuk University,South Korea,15,667,854,304,384,515,799,673,73.3,36.638392,127.6961188
545,National University of La Plata,Argentina,2,667,1001,304,474,555,598,541,73.3,-34.9964963,-64.9672817
546,Auburn University,USA,147,359,267,304,491,521,622,673,73.3,39.7837304,-100.445882
547,Tehran University of Medical Sciences,Iran,3,667,1001,304,283,739,635,673,73.3,2.9368696,115.4443356
548,"China Medical University, Taiwan",Taiwan,9,667,1001,304,395,389,647,1001,73.3,23.5983227,120.8353769
549,Nanjing Agricultural University,China,42,667,1001,304,450,480,713,673,73.2,30.047992,-94.3357433
550,"University of Maine, Orono",USA,148,626,1001,141,1001,865,502,460,73.2,39.7837304,-100.445882
551,University of Aveiro,Portugal,6,667,1001,304,413,433,821,898,73.2,39.6621648,-8.1353519
552,Catholic University of Korea,South Korea,16,667,1001,304,394,541,749,673,73.2,36.638392,127.6961188
553,University of Salamanca,Spain,16,667,959,304,621,588,494,460,73.2,39.3260685,-4.8379791
554,Second Military Medical University,China,43,667,1001,304,477,522,612,673,73.2,30.047992,-94.3357433
555,Syracuse University,USA,149,229,279,304,678,524,548,541,73.2,39.7837304,-100.445882
556,Moscow Institute of Physics and Technology,Russia,3,22,636,304,734,820,688,673,73.2,40.2338211,-84.4096729
557,Carleton University,Canada,21,667,1001,304,548,532,881,405,73.2,61.0666922,-107.991707
558,University of Texas at Arlington,USA,150,667,1001,304,660,548,607,405,73.2,39.7837304,-100.445882
559,National Polytechnic Institute,Mexico,2,614,1001,304,405,614,611,673,73.1,19.4326296,-99.1331785
560,Istanbul University,Turkey,2,498,1001,304,364,758,513,673,73.1,38.9597594,34.9249653
561,Kanazawa University,Japan,17,667,639,304,533,558,501,673,73.1,36.5748441,139.2394179
562,University of Technology Sydney,Australia,20,667,1001,304,503,445,614,898,73.1,-24.7761086,134.755
563,University of Alaska Fairbanks,USA,151,667,646,304,819,691,393,363,73.1,39.7837304,-100.445882
564,Western Sydney University,Australia,21,667,1001,304,635,547,428,673,73.1,-24.7761086,134.755
565,"Birkbeck, University of London",United Kingdom,43,341,1001,211,1001,767,364,673,73.1,54.7023545,-3.2765753
566,"University of Science, Malaysia",Malaysia,2,667,1001,304,391,625,959,541,73.1,4.5693754,102.2656823
567,University of Arkansas - Fayetteville,USA,152,430,463,304,624,610,784,363,73.1,39.7837304,-100.445882
568,Baylor University,USA,153,667,398,304,787,628,512,363,73.1,39.7837304,-100.445882
569,University of Oklahoma Health Sciences Center,USA,154,667,1001,304,758,574,439,460,73,39.7837304,-100.445882
570,University of South Australia,Australia,22,667,492,304,564,538,673,541,73,-24.7761086,134.755
571,Masaryk University,Czech Republic,2,667,1001,304,500,590,435,898,73,49.7439047,15.3381061
572,University of WisconsinMilwaukee,USA,155,452,422,304,647,546,466,673,73,39.7837304,-100.445882
573,Polytechnic University of Madrid,Spain,17,365,547,304,414,448,657,1001,73,39.3260685,-4.8379791
574,University of Rostock,Germany,43,664,1001,304,485,496,597,898,73,40.4203479,-79.1166983
575,Victoria University of Wellington,New Zealand,5,390,629,304,702,606,421,541,73,-41.5000831,172.8344077
576,Warsaw University of Technology,Poland,3,632,1001,304,570,717,833,304,73,52.215933,19.134422
577,Nanjing Medical University,China,44,667,1001,304,368,479,692,1001,73,30.047992,-94.3357433
578,Montana State University - Bozeman,USA,156,667,1001,304,835,651,354,460,73,39.7837304,-100.445882
579,Memorial University of Newfoundland,Canada,22,667,836,304,662,594,552,460,73,61.0666922,-107.991707
580,Chonbuk National University,South Korea,17,667,1001,304,389,507,875,898,72.9,36.638392,127.6961188
581,Tokyo Metropolitan University,Japan,18,260,887,304,772,708,540,304,72.9,36.5748441,139.2394179
582,College of William & Mary,USA,157,667,97,304,887,715,581,405,72.9,39.7837304,-100.445882
583,Braunschweig University of Technology,Germany,44,439,1001,304,670,622,382,673,72.9,40.4203479,-79.1166983
584,University of Québec at Montreal,Canada,23,667,936,304,656,540,559,541,72.9,61.0666922,-107.991707
585,CINVESTAV,Mexico,3,667,1001,304,552,599,498,673,72.9,19.4326296,-99.1331785
586,CentraleSupélec,France,30,667,42,304,892,724,1001,673,72.9,46.603354,1.8883335
587,Nanjing University of Science and Technology,China,45,667,694,304,457,559,1001,541,72.9,30.047992,-94.3357433
588,Huazhong Agricultural University,China,46,667,1001,304,513,525,535,898,72.9,30.047992,-94.3357433
589,HEC Paris,France,31,667,6,304,1001,1001,1001,1001,72.9,46.603354,1.8883335
590,Zhengzhou University,China,47,667,1001,304,346,513,757,1001,72.8,30.047992,-94.3357433
591,SUNY Downstate Medical Center,USA,158,667,1001,194,1001,872,499,460,72.8,39.7837304,-100.445882
592,Sharif University of Technology,Iran,4,198,1001,304,432,567,1001,541,72.8,2.9368696,115.4443356
593,National Sun Yat-sen University,Taiwan,10,667,1001,304,508,529,995,541,72.8,23.5983227,120.8353769
594,University of Clermont Auvergne,France,32,667,1001,284,747,586,568,541,72.8,46.603354,1.8883335
595,Novosibirsk State University,Russia,4,255,1001,304,509,652,663,541,72.8,40.2338211,-84.4096729
596,Middle East Technical University,Turkey,3,667,328,304,504,634,1001,460,72.8,38.9597594,34.9249653
597,Yokohama City University,Japan,19,667,218,304,790,745,372,541,72.8,36.5748441,139.2394179
598,Beijing University of Chemical Technology,China,48,667,1001,304,462,475,1001,673,72.8,30.047992,-94.3357433
599,"University of Nevada, Reno",USA,159,667,965,304,727,613,516,460,72.8,39.7837304,-100.445882
600,Otto von Guericke University Magdeburg,Germany,45,667,1001,304,640,550,625,541,72.8,40.4203479,-79.1166983
601,Kitasato University,Japan,20,667,1001,157,759,810,750,898,72.7,36.5748441,139.2394179
602,University of Montana - Missoula,USA,160,644,1001,304,982,761,361,327,72.7,39.7837304,-100.445882
603,University of Jyväskylä,Finland,7,667,1001,304,593,510,518,898,72.7,63.2467777,25.9209164
604,University of Arkansas for Medical Sciences,USA,161,667,1001,304,732,569,589,460,72.7,39.7837304,-100.445882
605,University of Crete,Greece,3,667,1001,304,698,576,530,541,72.7,43.2097838,-77.6930602
606,University of Lübeck,Germany,46,667,1001,304,884,659,335,541,72.7,40.4203479,-79.1166983
607,Chungnam National University,South Korea,18,667,1001,304,403,494,712,1001,72.7,36.638392,127.6961188
608,Chung-Ang University,South Korea,19,667,1001,304,441,545,1001,673,72.7,36.638392,127.6961188
609,Inha University,South Korea,20,667,670,304,434,592,1001,673,72.7,36.638392,127.6961188
610,Palacký University Olomouc,Czech Republic,3,667,1001,304,690,713,563,405,72.7,49.7439047,15.3381061
611,University of Salerno,Italy,28,667,1001,304,610,557,737,541,72.7,42.6384261,12.674297
612,Loughborough University,United Kingdom,44,667,1001,304,520,562,1001,541,72.6,54.7023545,-3.2765753
613,Medical University of Graz,Austria,6,667,1001,304,671,530,446,898,72.6,47.59397,14.12456
614,Polytechnic University of Turin,Italy,29,667,816,304,484,493,919,898,72.6,42.6384261,12.674297
615,Indian Institute of Technology Bombay,India,3,667,809,304,531,516,1001,673,72.6,22.3511148,78.6677428
616,Ege University,Turkey,4,667,1001,304,472,863,979,363,72.6,38.9597594,34.9249653
617,Shinshu University,Japan,21,667,1001,304,631,682,716,405,72.6,36.5748441,139.2394179
618,Niigata University,Japan,22,515,621,304,615,655,488,673,72.6,36.5748441,139.2394179
619,University of Kent,United Kingdom,45,378,784,304,706,616,443,673,72.6,54.7023545,-3.2765753
620,University of Haifa,Israel,7,354,935,304,619,559,476,898,72.6,39.3181528,-79.8109014
621,University of Cantabria,Spain,18,667,1001,304,776,664,608,363,72.6,39.3260685,-4.8379791
622,University of Cagliari,Italy,30,667,1001,304,603,553,651,673,72.6,42.6384261,12.674297
623,University of Tennessee Health Science Center,USA,162,667,1001,304,751,580,371,898,72.5,39.7837304,-100.445882
624,Kangwon National University,South Korea,21,667,1001,304,555,675,812,460,72.5,36.638392,127.6961188
625,Ankara University,Turkey,5,667,775,304,455,829,666,541,72.5,38.9597594,34.9249653
626,Southern Medical University,China,49,667,1001,304,515,602,770,673,72.5,30.047992,-94.3357433
627,National Technical University of Athens,Greece,4,418,817,304,551,585,1001,460,72.5,43.2097838,-77.6930602
628,Kumamoto University,Japan,23,545,638,304,611,564,522,898,72.5,36.5748441,139.2394179
629,Nagasaki University,Japan,24,529,247,304,666,692,766,460,72.5,36.5748441,139.2394179
630,University of Udine,Italy,31,667,1001,304,752,653,410,673,72.5,42.6384261,12.674297
631,University of Greifswald,Germany,47,667,1001,297,755,687,511,460,72.5,40.4203479,-79.1166983
632,Fourth Military Medical University,China,50,667,1001,304,510,566,669,898,72.5,30.047992,-94.3357433
633,AGH University of Science and Technology,Poland,4,512,719,304,494,700,908,541,72.5,52.215933,19.134422
634,RMIT University,Australia,23,667,1001,304,544,542,1001,673,72.4,-24.7761086,134.755
635,China University of Petroleum,China,51,667,712,304,411,578,1001,898,72.4,30.047992,-94.3357433
636,Nanjing University of Aeronautics and Astronautics,China,52,667,1001,304,469,552,1001,673,72.4,30.047992,-94.3357433
637,École nationale d'administration,France,33,667,4,304,1001,1001,1001,1001,72.4,46.603354,1.8883335
638,Mississippi State University,USA,163,329,412,304,622,654,601,673,72.4,39.7837304,-100.445882
639,"University of Maryland, Baltimore County",USA,164,667,1001,304,894,658,389,541,72.4,39.7837304,-100.445882
640,University of Murcia,Spain,19,528,1001,304,557,568,847,673,72.4,39.3260685,-4.8379791
641,Augusta University,USA,165,667,1001,304,779,572,475,673,72.4,39.7837304,-100.445882
642,Isfahan University of Technology,Iran,5,667,1001,304,542,716,1001,405,72.4,2.9368696,115.4443356
643,Swinburne University of Technology,Australia,24,667,1001,304,822,632,460,541,72.4,-24.7761086,134.755
644,Stockholm School of Economics,Sweden,11,667,21,252,1001,1001,830,673,72.4,44.133435,-70.822678
645,Northwest A&F University,China,53,667,1001,304,452,501,828,1001,72.3,30.047992,-94.3357433
646,Wuhan University of Technology,China,54,667,1001,304,558,571,1001,541,72.3,30.047992,-94.3357433
647,University of Graz,Austria,7,639,1001,289,729,626,569,673,72.3,47.59397,14.12456
648,Istanbul Technical University,Turkey,6,667,785,304,587,711,1001,405,72.3,38.9597594,34.9249653
649,University of Texas at San Antonio,USA,166,667,1001,304,738,621,486,673,72.3,39.7837304,-100.445882
650,International School for Advanced Studies,Italy,32,667,1001,304,942,753,493,327,72.3,42.6384261,12.674297
651,Indian Institute of Technology Madras,India,4,667,189,304,534,551,1001,898,72.3,22.3511148,78.6677428
652,ESPCI Paris,France,34,592,1001,260,1001,741,401,673,72.3,46.603354,1.8883335
653,University of Navarra,Spain,20,667,99,304,677,589,701,1001,72.3,39.3260685,-4.8379791
654,Taipei Medical University,Taiwan,11,667,1001,304,498,466,852,1001,72.3,23.5983227,120.8353769
655,Kaohsiung Medical University,Taiwan,12,667,1001,304,522,531,903,898,72.3,23.5983227,120.8353769
656,École normale supérieure Paris-Saclay,France,35,92,198,141,1001,959,835,541,72.3,46.603354,1.8883335
657,Southwest University,China,55,547,1001,304,497,520,1001,898,72.2,30.047992,-94.3357433
658,Semmelweis University,Hungary,2,667,1001,304,681,669,412,898,72.2,41.9767629,-72.7789842
659,Rio de Janeiro State University,Brazil,8,667,1001,304,582,667,624,673,72.2,-10.3333333,-53.2
660,Gwangju Institute of Science and Technology,South Korea,22,667,1001,304,781,637,648,460,72.2,36.638392,127.6961188
661,University of Calabria,Italy,33,667,1001,304,669,630,1001,460,72.2,42.6384261,12.674297
662,"University of Córdoba, Spain",Spain,21,667,1001,304,686,623,961,460,72.2,39.3260685,-4.8379791
663,University of Campania Luigi Vanvitelli,Italy,34,667,1001,304,609,595,761,673,72.2,42.6384261,12.674297
664,Rovira i Virgili University,Spain,22,667,1001,304,668,535,603,898,72.2,39.3260685,-4.8379791
665,University of Idaho,USA,167,667,1001,304,818,698,524,460,72.2,39.7837304,-100.445882
666,University of Louisiana at Lafayette,USA,168,667,1001,304,984,768,538,304,72.2,39.7837304,-100.445882
667,Czech Technical University in Prague,Czech Republic,4,631,1001,304,673,679,789,460,72.2,49.7439047,15.3381061
668,University of Franche-Comté,France,36,410,1001,304,701,641,705,541,72.1,46.603354,1.8883335
669,Rutgers UniversityNewark,USA,169,667,1001,157,1001,775,527,1001,72.1,39.7837304,-100.445882
670,University of Patras,Greece,5,667,1001,304,545,596,1001,673,72.1,43.2097838,-77.6930602
671,Indian Institute of Technology Delhi,India,5,283,95,304,549,634,1001,1001,72.1,22.3511148,78.6677428
672,Fuzhou University,China,56,667,797,304,694,649,1001,363,72.1,30.047992,-94.3357433
673,Comenius University in Bratislava,Slovak Republic,1,667,1001,304,602,762,691,541,72.1,48.7411522,19.4528646
674,Brunel University London,United Kingdom,46,667,540,304,654,584,850,673,72.1,54.7023545,-3.2765753
675,Osaka City University,Japan,25,153,591,304,689,673,786,541,72.1,36.5748441,139.2394179
676,Indian Institute of Technology Kharagpur,India,6,667,435,304,433,503,1001,1001,72.1,22.3511148,78.6677428
677,University of Akron,USA,170,667,734,304,848,720,733,363,72.1,39.7837304,-100.445882
678,Kindai University,Japan,26,667,1001,304,713,772,778,405,72.1,36.5748441,139.2394179
679,Gazi University,Turkey,7,667,1001,304,443,854,1001,541,72.1,38.9597594,34.9249653
680,Jiangnan University,China,57,667,1001,304,476,607,1001,898,72,30.047992,-94.3357433
681,University of Rhode Island,USA,171,667,487,304,907,738,441,541,72,39.7837304,-100.445882
682,"University of North Texas, Denton",USA,172,667,986,304,745,699,730,460,72,39.7837304,-100.445882
683,University of Málaga,Spain,23,667,1001,304,628,600,922,673,72,39.3260685,-4.8379791
684,INSA Lyon,France,37,667,1001,304,661,587,888,673,72,46.603354,1.8883335
685,Shenzhen University,China,58,667,783,304,665,627,785,673,72,30.047992,-94.3357433
686,University of Eastern Piedmont,Italy,35,667,1001,304,851,706,674,405,72,42.6384261,12.674297
687,Kent State University,USA,173,667,1001,304,789,697,472,673,72,39.7837304,-100.445882
688,Army Medical University,China,59,667,1001,304,599,639,653,898,72,30.047992,-94.3357433
689,Amirkabir University of Technology,Iran,6,667,1001,304,396,659,1001,898,72,2.9368696,115.4443356
690,Gyeongsang National University,South Korea,23,667,1001,304,572,670,865,673,72,36.638392,127.6961188
691,Jinan University,China,60,667,603,304,517,597,679,1001,72,30.047992,-94.3357433
692,"Northwest University, China",China,61,667,1001,304,691,813,1001,363,71.9,30.047992,-94.3357433
693,Central China Normal University,China,62,667,1001,304,716,647,864,541,71.9,30.047992,-94.3357433
694,Federal University of Santa Catarina,Brazil,9,667,1001,304,453,603,884,1001,71.9,-10.3333333,-53.2
695,Liverpool John Moores University,United Kingdom,47,667,1001,304,885,693,420,673,71.9,54.7023545,-3.2765753
696,University of Debrecen,Hungary,3,667,1001,304,696,755,655,541,71.9,41.9767629,-72.7789842
697,Ocean University of China,China,63,667,1001,304,483,573,876,1001,71.9,30.047992,-94.3357433
698,Nihon University,Japan,27,580,1001,304,547,733,630,898,71.9,36.5748441,139.2394179
699,Roma Tre University,Italy,36,667,1001,304,748,671,711,541,71.9,42.6384261,12.674297
700,Ajou University,South Korea,24,667,993,304,562,640,804,898,71.9,36.638392,127.6961188
701,Juntendo University,Japan,28,667,1001,304,746,686,570,673,71.9,36.5748441,139.2394179
702,Tianjin Medical University,China,64,667,1001,304,612,676,843,673,71.9,30.047992,-94.3357433
703,University of Brescia,Italy,37,667,1001,304,705,624,584,898,71.9,42.6384261,12.674297
704,University of Castilla-La Mancha,Spain,24,667,1001,304,581,554,1001,898,71.8,39.3260685,-4.8379791
705,Donghua University,China,65,667,1001,304,626,704,1001,460,71.8,30.047992,-94.3357433
706,City College of New York,USA,174,52,411,304,1001,788,496,673,71.8,39.7837304,-100.445882
707,"Northeastern University, China",China,66,667,515,304,420,581,1001,1001,71.8,30.047992,-94.3357433
708,University of Girona,Spain,25,667,1001,304,742,618,1001,541,71.8,39.3260685,-4.8379791
709,Federal University of Paraná,Brazil,10,667,1001,304,436,657,872,1001,71.8,-10.3333333,-53.2
710,University of Portsmouth,United Kingdom,48,667,1001,304,943,796,775,304,71.8,54.7023545,-3.2765753
711,University of Fribourg,Switzerland,8,405,374,304,945,713,515,541,71.8,46.7985624,8.2319736
712,University of Ioannina,Greece,6,667,1001,304,741,671,808,541,71.8,43.2097838,-77.6930602
713,Norwegian University of Life Sciences,Norway,5,667,1001,304,737,649,564,898,71.8,64.5731537,11.52803644
714,Keele University,United Kingdom,49,667,1001,304,889,710,562,541,71.8,54.7023545,-3.2765753
715,Ain Shams University,Egypt,2,667,1001,304,606,870,779,541,71.8,35.8681298,-90.9456751
716,"Paul Valéry University, Montpellier III",France,38,667,1001,304,1001,889,576,275,71.8,46.603354,1.8883335
717,Carl von Ossietzky University of Oldenburg,Germany,48,667,1001,304,865,742,550,541,71.7,40.4203479,-79.1166983
718,Graz University of Technology,Austria,8,667,1001,304,780,708,957,460,71.7,47.59397,14.12456
719,Concordia University,Canada,24,667,268,304,605,544,1001,1001,71.7,61.0666922,-107.991707
720,Graduate University for Advanced Studies,Japan,29,667,1001,304,910,685,313,1001,71.7,36.5748441,139.2394179
721,Nanjing Tech University,China,67,667,1001,304,576,582,1001,898,71.7,30.047992,-94.3357433
722,Xidian University,China,68,667,1001,304,447,570,1001,1001,71.7,30.047992,-94.3357433
723,Tokyo University of Science,Japan,30,429,1001,304,597,620,636,1001,71.7,36.5748441,139.2394179
724,Jiangsu University,China,69,667,1001,304,458,604,1001,1001,71.7,30.047992,-94.3357433
725,"University of the Republic, Uruguay",Uruguay,1,667,1001,304,808,836,615,460,71.7,-32.8755548,-56.0201525
726,University of Delhi,India,7,293,146,304,569,724,839,1001,71.7,22.3511148,78.6677428
727,Northern Illinois University,USA,175,667,561,304,950,795,840,327,71.7,39.7837304,-100.445882
728,University of Angers,France,39,667,1001,304,799,696,595,673,71.7,46.603354,1.8883335
729,University of MissouriKansas City,USA,176,567,624,304,840,681,459,898,71.6,39.7837304,-100.445882
730,Örebro University,Sweden,12,667,882,304,961,827,623,363,71.6,44.133435,-70.822678
731,University of Vigo,Spain,26,667,1001,304,617,591,1001,898,71.6,39.3260685,-4.8379791
732,"All India Institute of Medical Sciences, Delhi",India,8,667,1001,304,720,934,542,541,71.6,22.3511148,78.6677428
733,National Research Nuclear University MEPhI,Russia,5,598,1001,304,771,881,656,460,71.6,40.2338211,-84.4096729
734,University of Salento,Italy,38,667,1001,304,805,753,832,460,71.6,42.6384261,12.674297
735,South China Normal University,China,70,667,976,304,595,604,1001,898,71.6,30.047992,-94.3357433
736,École pratique des hautes études,France,40,36,1001,304,1001,936,594,363,71.6,46.603354,1.8883335
737,University of Brasília,Brazil,11,667,921,304,561,799,680,898,71.6,-10.3333333,-53.2
738,Bangor University,United Kingdom,50,446,824,304,866,656,613,673,71.6,54.7023545,-3.2765753
739,Federal University of Viçosa,Brazil,12,667,1001,304,540,930,1001,541,71.6,-10.3333333,-53.2
740,Bo?aziçi University,Turkey,8,300,681,304,898,825,866,363,71.6,38.9597594,34.9249653
741,Adam Mickiewicz University in Pozna?,Poland,5,325,1001,304,591,683,972,898,71.6,52.215933,19.134422
742,"Putra University, Malaysia",Malaysia,3,667,1001,304,406,705,1001,1001,71.5,4.5693754,102.2656823
743,Southern Illinois University Carbondale,USA,177,383,1001,304,763,665,599,898,71.5,39.7837304,-100.445882
744,Hong Kong Baptist University,Hong Kong,6,667,1001,304,724,644,1001,673,71.5,22.350627,114.1849161
745,Nanjing Normal University,China,71,667,1001,304,682,674,735,898,71.5,30.047992,-94.3357433
746,"University of Nevada, Las Vegas",USA,178,667,1001,304,796,687,546,898,71.5,39.7837304,-100.445882
747,Ehime University,Japan,31,667,909,304,750,703,596,898,71.5,36.5748441,139.2394179
748,Vilnius University,Lithuania,1,621,1001,304,676,815,721,673,71.5,55.3500003,23.7499997
749,University of Messina,Italy,39,667,1001,304,586,678,1001,898,71.5,42.6384261,12.674297
750,Illinois Institute of Technology,USA,179,156,110,304,1001,821,860,541,71.5,39.7837304,-100.445882
751,Miami University,USA,180,667,119,304,965,822,810,541,71.5,39.7837304,-100.445882
752,University Paris-Est Créteil,France,41,667,818,304,904,734,662,541,71.5,46.603354,1.8883335
753,"University of Natural Resources and Life Sciences, Vienna",Austria,9,667,1001,304,811,803,683,541,71.5,47.59397,14.12456
754,National University of Defense Technology,China,72,667,1001,304,490,645,1001,1001,71.5,30.047992,-94.3357433
755,Jean Monnet University,France,42,667,1001,304,753,646,529,1001,71.4,46.603354,1.8883335
756,Tarbiat Modares University,Iran,7,667,1001,304,417,723,1001,1001,71.4,2.9368696,115.4443356
757,Old Dominion University,USA,181,667,1001,304,859,791,644,541,71.4,39.7837304,-100.445882
758,University of Szeged,Hungary,4,667,1001,292,684,742,826,898,71.4,41.9767629,-72.7789842
759,University of Texas Rio Grande Valley,USA,182,667,1001,304,1001,854,604,405,71.4,39.7837304,-100.445882
760,Iran University of Science and Technology,Iran,8,667,1001,304,546,785,1001,673,71.4,2.9368696,115.4443356
761,Jadavpur University,India,9,667,1001,304,659,841,1001,460,71.4,22.3511148,78.6677428
762,National University of Córdoba,Argentina,3,667,1001,304,740,757,795,673,71.4,-34.9964963,-64.9672817
763,Harbin Medical University,China,73,667,1001,304,585,724,1001,898,71.4,30.047992,-94.3357433
764,Heriot-Watt University,United Kingdom,51,667,517,304,733,642,606,1001,71.4,54.7023545,-3.2765753
765,University of Toledo,USA,183,667,1001,304,791,668,629,898,71.4,39.7837304,-100.445882
766,National University of Colombia,Colombia,1,667,766,304,633,874,618,898,71.4,4.099917,-72.9088133
767,University of Alicante,Spain,27,667,1001,304,700,719,1001,673,71.4,39.3260685,-4.8379791
768,University of Essex,United Kingdom,52,240,637,304,925,730,746,541,71.3,54.7023545,-3.2765753
769,University of L'Aquila,Italy,40,667,1001,304,809,756,873,541,71.3,42.6384261,12.674297
770,New Mexico State University,USA,184,667,904,304,897,773,649,541,71.3,39.7837304,-100.445882
771,Makerere University,Uganda,1,448,1001,304,981,779,456,673,71.3,1.5333554,32.2166578
772,University of Split,Croatia,2,667,1001,304,997,1001,454,405,71.3,45.3658443,15.6575209
773,University of North Carolina at Charlotte,USA,185,667,532,304,855,789,758,541,71.3,39.7837304,-100.445882
774,Banaras Hindu University,India,10,487,606,304,543,781,1001,898,71.3,22.3511148,78.6677428
775,Ulsan National Institute of Science and Technology,South Korea,25,667,1001,304,925,642,731,673,71.3,36.638392,127.6961188
776,University of Wroc?aw,Poland,6,650,1001,304,708,750,1001,673,71.3,52.215933,19.134422
777,University of Stirling,United Kingdom,53,667,601,304,969,783,728,460,71.3,54.7023545,-3.2765753
778,Nanchang University,China,74,667,1001,304,589,707,1001,898,71.3,30.047992,-94.3357433
779,University of Hohenheim,Germany,49,667,1001,304,877,793,694,541,71.3,40.4203479,-79.1166983
780,École des ponts ParisTech,France,43,57,26,304,1001,1001,1001,1001,71.3,46.603354,1.8883335
781,Jawaharlal Nehru Centre for Advanced Scientific Research,India,11,667,1001,185,1001,956,921,673,71.2,22.3511148,78.6677428
782,University of Kaiserslautern,Germany,50,667,997,304,911,786,660,541,71.2,40.4203479,-79.1166983
783,American University of Beirut,Lebanon,1,202,176,304,899,862,698,673,71.2,40.375713,-76.4626118
784,King Fahd University of Petroleum and Minerals,Saudi Arabia,4,667,122,304,743,899,1001,673,71.2,25.6242618,42.3528328
785,"China Medical University, PRC",China,75,667,1001,304,526,736,904,1001,71.2,30.047992,-94.3357433
786,Paris 13 University,France,44,667,1001,304,830,712,807,673,71.2,46.603354,1.8883335
787,Tampere University of Technology,Finland,8,667,318,304,905,859,707,541,71.2,63.2467777,25.9209164
788,Tokyo University of Agriculture and Technology,Japan,32,667,1001,304,720,759,1001,673,71.2,36.5748441,139.2394179
789,Bilkent University,Turkey,9,667,856,304,967,798,763,460,71.2,38.9597594,34.9249653
790,University of Johannesburg,South Africa,6,667,1001,304,785,896,781,541,71.2,-28.8166236,24.991639
791,University of Concepción,Chile,3,667,1001,304,687,746,586,1001,71.2,-31.7613365,-71.3187697
792,China University of Mining and Technology,China,76,667,890,304,532,797,1001,898,71.2,30.047992,-94.3357433
793,Chiang Mai University,Thailand,3,667,1001,304,718,877,793,673,71.2,13.03876215,101.7001761
794,Yeungnam University,South Korea,26,667,467,304,530,693,1001,1001,71.2,36.638392,127.6961188
795,Marche Polytechnic University,Italy,41,667,1001,304,775,732,722,898,71.1,42.6384261,12.674297
796,National Taiwan University of Science and Technology,Taiwan,13,667,1001,304,577,616,1001,1001,71.1,23.5983227,120.8353769
797,Tokushima University,Japan,33,143,1001,304,736,764,578,1001,71.1,36.5748441,139.2394179
798,Indian Institute of Technology Kanpur,India,12,268,707,304,625,609,1001,1001,71.1,22.3511148,78.6677428
799,Quaid-i-Azam University,Pakistan,1,667,1001,304,643,924,1001,541,71.1,30.3308401,71.247499
800,Northeast Normal University,China,77,667,1001,304,663,638,913,1001,71.1,30.047992,-94.3357433
801,Ryerson University,Canada,25,667,1001,304,783,752,1001,541,71.1,61.0666922,-107.991707
802,Babe?-Bolyai University,Romania,1,667,1001,304,645,909,989,673,71.1,45.9852129,24.6859225
803,Ohio University,USA,186,441,353,304,809,680,591,1001,71.1,39.7837304,-100.445882
804,Wenzhou Medical University,China,78,667,1001,304,650,744,1001,898,71.1,30.047992,-94.3357433
805,University of Tours,France,45,424,1001,304,797,689,541,1001,71.1,46.603354,1.8883335
806,"University of the Andes, Colombia",Colombia,2,667,410,304,1001,897,543,541,71.1,4.099917,-72.9088133
807,Panjab University,India,13,620,566,304,774,811,897,673,71.1,22.3511148,78.6677428
808,University of Alcalá,Spain,28,667,1001,304,812,740,650,898,71,39.3260685,-4.8379791
809,University of Hertfordshire,United Kingdom,54,667,1001,304,1001,823,514,541,71,54.7023545,-3.2765753
810,Dankook University,South Korea,27,667,1001,304,734,900,1001,460,71,36.638392,127.6961188
811,Chungbuk National University,South Korea,28,667,1001,304,633,777,1001,898,71,36.638392,127.6961188
812,University of Sassari,Italy,42,667,1001,304,873,802,665,673,71,42.6384261,12.674297
813,Toho University,Japan,34,667,1001,258,980,962,1001,673,71,36.5748441,139.2394179
814,Federal University of Ceará,Brazil,13,667,1001,304,614,838,981,898,71,-10.3333333,-53.2
815,Portland State University,USA,187,667,335,304,934,817,652,673,71,39.7837304,-100.445882
816,Gunma University,Japan,35,667,1001,304,794,769,678,898,71,36.5748441,139.2394179
817,Polytechnic University of Bucharest,Romania,2,667,1001,304,596,993,1001,541,71,45.9852129,24.6859225
818,Yokohama National University,Japan,36,120,329,246,1001,1001,1001,673,71,36.5748441,139.2394179
819,Zhejiang University of Technology,China,79,667,1001,304,630,727,1001,898,71,30.047992,-94.3357433
820,University of the Balearic Islands,Spain,29,667,1001,304,841,729,709,898,71,39.3260685,-4.8379791
821,Cranfield University,United Kingdom,55,667,134,304,882,847,1001,673,71,54.7023545,-3.2765753
822,Polytechnic University of Bari,Italy,43,667,1001,304,1001,946,556,405,70.9,42.6384261,12.674297
823,Budapest University of Technology and Economics,Hungary,5,478,1001,304,767,843,905,673,70.9,41.9767629,-72.7789842
824,South China Agricultural University,China,80,667,1001,304,723,749,997,898,70.9,30.047992,-94.3357433
825,University of Orléans,France,46,667,1001,304,876,765,448,1001,70.9,46.603354,1.8883335
826,"National University of Malaysia, UKM",Malaysia,4,667,1001,304,527,846,917,1001,70.9,4.5693754,102.2656823
827,University of Bucharest,Romania,3,461,1001,304,674,925,1001,673,70.9,45.9852129,24.6859225
828,Carlos III University of Madrid,Spain,30,667,1001,304,739,661,1001,898,70.9,39.3260685,-4.8379791
829,Uniformed Services University of the Health Sciences,USA,188,667,1001,304,869,690,525,1001,70.9,39.7837304,-100.445882
830,University of Denver,USA,189,558,160,304,1001,900,554,673,70.9,39.7837304,-100.445882
831,Beijing University of Technology,China,81,667,1001,304,578,666,1001,1001,70.9,30.047992,-94.3357433
832,University of Insubria,Italy,44,667,1001,304,902,779,579,898,70.9,42.6384261,12.674297
833,Sejong University,South Korea,29,667,1001,304,816,791,969,673,70.9,36.638392,127.6961188
834,Medical University of Warsaw,Poland,7,667,1001,304,829,1001,805,673,70.9,52.215933,19.134422
835,East Carolina University,USA,190,667,704,304,842,763,710,898,70.9,39.7837304,-100.445882
836,Beijing Jiaotong University,China,82,667,1001,304,553,721,1001,1001,70.8,30.047992,-94.3357433
837,China Europe International Business School,China,83,667,10,304,1001,1001,1001,1001,70.8,30.047992,-94.3357433
838,Tokyo Women's Medical University,Japan,37,667,1001,304,874,892,646,673,70.8,36.5748441,139.2394179
839,University of Wuppertal,Germany,51,667,1001,304,998,844,906,460,70.8,40.4203479,-79.1166983
840,Federal University of Pernambuco,Brazil,14,667,1001,304,549,774,1001,1001,70.8,-10.3333333,-53.2
841,University of Hyogo,Japan,38,667,1001,232,1001,1001,553,1001,70.8,36.5748441,139.2394179
842,University of Regina,Canada,26,667,1001,304,1001,935,748,405,70.8,61.0666922,-107.991707
843,Binghamton University,USA,191,667,388,304,964,748,658,898,70.8,39.7837304,-100.445882
844,Wroc?aw University of Science and Technology,Poland,8,667,934,304,620,830,1001,898,70.8,52.215933,19.134422
845,University of Toyama,Japan,39,667,444,304,776,778,1001,898,70.8,36.5748441,139.2394179
846,National Taiwan Normal University,Taiwan,14,667,1001,304,848,765,1001,673,70.8,23.5983227,120.8353769
847,Federal University of São Carlos,Brazil,15,667,1001,304,583,760,1001,1001,70.8,-10.3333333,-53.2
848,Metropolitan Autonomous University,Mexico,4,667,1001,304,730,980,869,673,70.8,19.4326296,-99.1331785
849,University of Western Brittany,France,47,667,1001,304,857,722,585,1001,70.8,46.603354,1.8883335
850,Tokai University,Japan,40,667,1001,304,792,851,739,898,70.7,36.5748441,139.2394179
851,Harbin Engineering University,China,84,667,1001,304,764,809,1001,673,70.7,30.047992,-94.3357433
852,Gachon University,South Korea,30,667,1001,304,749,799,1001,898,70.7,36.638392,127.6961188
853,Meijo University,Japan,41,667,1001,86,1001,1001,1001,898,70.7,36.5748441,139.2394179
854,Federico Santa María Technical University,Chile,4,667,1001,304,1001,1001,1001,222,70.7,-31.7613365,-71.3187697
855,Michigan Technological University,USA,192,615,1001,304,938,839,742,673,70.7,39.7837304,-100.445882
856,École des hautes études en sciences sociales,France,48,182,1001,121,1001,1001,896,1001,70.7,46.603354,1.8883335
857,Shiraz University,Iran,9,667,1001,304,604,894,1001,898,70.7,2.9368696,115.4443356
858,Indian Institute of Technology Roorkee,India,14,667,362,304,683,861,1001,898,70.7,22.3511148,78.6677428
859,Nara Institute of Science and Technology,Japan,42,667,1001,304,1001,895,400,898,70.7,36.5748441,139.2394179
860,New Jersey Institute of Technology,USA,193,465,736,304,1001,882,720,541,70.7,39.7837304,-100.445882
861,University of Picardie Jules Verne,France,49,667,1001,304,1001,902,760,460,70.7,46.603354,1.8883335
862,Creighton University,USA,194,667,1001,304,1001,922,616,460,70.7,39.7837304,-100.445882
863,Åbo Akademi University,Finland,9,667,1001,304,970,833,762,673,70.7,63.2467777,25.9209164
864,Miguel Hernández University of Elche,Spain,31,667,1001,304,900,794,740,898,70.7,39.3260685,-4.8379791
865,Jichi Medical University,Japan,43,667,1001,304,988,1001,631,541,70.6,36.5748441,139.2394179
866,University of Siegen,Germany,52,667,1001,304,1001,927,934,405,70.6,40.4203479,-79.1166983
867,University of Extremadura,Spain,32,667,1001,304,826,856,1001,673,70.6,39.3260685,-4.8379791
868,Nagoya City University,Japan,44,667,592,304,989,906,675,673,70.6,36.5748441,139.2394179
869,University of Valladolid,Spain,33,667,1001,304,725,728,1001,1001,70.6,39.3260685,-4.8379791
870,Murdoch University,Australia,25,667,879,304,856,814,565,1001,70.6,-24.7761086,134.755
871,Wesleyan University,USA,195,87,49,304,1001,1001,671,898,70.6,39.7837304,-100.445882
872,Ferdowsi University of Mashhad,Iran,10,667,1001,304,627,965,1001,898,70.6,2.9368696,115.4443356
873,North China Electric Power University,China,85,667,488,304,756,808,1001,898,70.6,30.047992,-94.3357433
874,Erciyes University,Turkey,10,667,1001,304,703,1001,1001,541,70.6,38.9597594,34.9249653
875,Chung Shan Medical University,Taiwan,15,667,1001,304,827,781,1001,898,70.6,23.5983227,120.8353769
876,Hefei University of Technology,China,86,667,692,304,704,702,1001,1001,70.6,30.047992,-94.3357433
877,China Pharmaceutical University,China,87,667,1001,304,688,737,1001,1001,70.6,30.047992,-94.3357433
878,Dongguk University,South Korea,31,667,556,304,685,775,1001,1001,70.6,36.638392,127.6961188
879,"University of California, Merced",USA,196,667,1001,304,1001,868,505,673,70.5,39.7837304,-100.445882
880,Shanxi University,China,88,667,1001,304,833,770,1001,898,70.5,30.047992,-94.3357433
881,Sofia University,Bulgaria,1,493,1001,304,824,964,962,673,70.5,46.7889169,23.6184909
882,Kagoshima University,Japan,45,667,648,304,757,824,791,1001,70.5,36.5748441,139.2394179
883,Jawaharlal Nehru University,India,15,667,1001,181,1001,1001,1001,1001,70.5,22.3511148,78.6677428
884,Mansoura University,Egypt,3,667,1001,304,731,942,971,898,70.5,35.8681298,-90.9456751
885,Northern Arizona University,USA,197,667,1001,304,1001,978,517,541,70.5,39.7837304,-100.445882
886,Federal University of Pelotas,Brazil,16,667,1001,304,843,1001,820,673,70.5,-10.3333333,-53.2
887,Shizuoka University,Japan,46,667,1001,232,998,1001,956,1001,70.5,36.5748441,139.2394179
888,Inje University,South Korea,32,667,1001,304,658,851,1001,1001,70.5,36.638392,127.6961188
889,Fluminense Federal University,Brazil,17,667,857,304,653,818,1001,1001,70.5,-10.3333333,-53.2
890,Chongqing Medical University,China,89,667,1001,304,672,826,1001,1001,70.5,30.047992,-94.3357433
891,"City, University of London",United Kingdom,56,667,309,304,912,784,1001,898,70.5,54.7023545,-3.2765753
892,Federal University of Goiás,Brazil,18,667,1001,304,782,997,1001,673,70.5,-10.3333333,-53.2
893,Royal Veterinary College,United Kingdom,57,314,1001,304,1001,910,587,673,70.5,54.7023545,-3.2765753
894,Beijing University of Posts and Telecommunications,China,90,667,502,304,623,842,1001,1001,70.4,30.047992,-94.3357433
895,Yangzhou University,China,91,667,1001,304,697,789,1001,1001,70.4,30.047992,-94.3357433
896,Gifu University,Japan,47,667,862,304,717,812,1001,1001,70.4,36.5748441,139.2394179
897,University of Veterinary Medicine Vienna,Austria,10,667,1001,304,986,863,643,898,70.4,47.59397,14.12456
898,Yamagata University,Japan,48,667,1001,304,850,887,863,898,70.4,36.5748441,139.2394179
899,University of Silesia in Katowice,Poland,9,667,1001,304,806,955,1001,673,70.4,52.215933,19.134422
900,University of Jaén,Spain,34,667,1001,304,1000,969,1001,460,70.4,39.3260685,-4.8379791
901,Yamaguchi University,Japan,49,667,1001,304,834,877,993,898,70.4,36.5748441,139.2394179
902,Shaanxi Normal University,China,92,667,1001,304,712,751,1001,1001,70.4,30.047992,-94.3357433
903,Alexandria University,Egypt,4,500,1001,304,768,923,1001,898,70.4,35.8681298,-90.9456751
904,University of Mons,Belgium,8,667,1001,304,1001,876,773,673,70.4,50.6402809,4.6667145
905,University of Cyprus,Cyprus,1,667,1001,304,979,845,1001,673,70.4,34.9174159,32.88990265
906,Gabriele dAnnunzio University,Italy,45,667,1001,304,802,770,942,1001,70.4,42.6384261,12.674297
907,Hitotsubashi University,Japan,50,667,16,304,1001,1001,1001,1001,70.4,36.5748441,139.2394179
908,Tunis El Manar University,Tunisia,1,667,1001,304,641,946,1001,1001,70.4,36.8002068,10.1857757
909,Southwest Jiaotong University,China,93,667,801,304,680,805,1001,1001,70.3,30.047992,-94.3357433
910,Ulster University,United Kingdom,58,667,1001,304,893,807,1001,898,70.3,54.7023545,-3.2765753
911,Renmin University of China,China,94,667,133,304,915,869,1001,1001,70.3,30.047992,-94.3357433
912,Florida Institute of Technology,USA,198,667,545,304,1001,1001,925,327,70.3,39.7837304,-100.445882
913,Kyoto Prefectural University of Medicine,Japan,51,667,1001,304,1001,961,887,541,70.3,36.5748441,139.2394179
914,Anhui Medical University,China,95,667,1001,304,814,905,1001,898,70.3,30.047992,-94.3357433
915,"University of Technology, Malaysia",Malaysia,5,667,1001,304,608,879,1001,1001,70.3,4.5693754,102.2656823
916,Hallym University,South Korea,33,667,1001,304,709,834,1001,1001,70.3,36.638392,127.6961188
917,COMSATS Institute of Information Technology,Pakistan,2,667,1001,304,714,945,1001,898,70.3,30.3308401,71.247499
918,Toulouse 1 Capitole University,France,50,667,1001,164,1001,1001,1001,898,70.3,46.603354,1.8883335
919,Indian Institute of Management Ahmedabad,India,16,667,14,304,1001,1001,1001,1001,70.3,22.3511148,78.6677428
920,Aberystwyth University,United Kingdom,59,667,888,304,1001,907,732,673,70.3,54.7023545,-3.2765753
921,University of Jinan,China,96,667,1001,304,728,787,1001,1001,70.3,30.047992,-94.3357433
922,North Dakota State University,USA,199,326,1001,304,909,834,1001,898,70.3,39.7837304,-100.445882
923,University Paris 1 Panthéon-Sorbonne,France,51,473,518,125,1001,1001,1001,1001,70.3,46.603354,1.8883335
924,Rouen Normandy University,France,52,661,1001,304,896,747,838,1001,70.2,46.603354,1.8883335
925,University of Cádiz,Spain,35,667,1001,304,944,888,1001,673,70.2,39.3260685,-4.8379791
926,Ritsumeikan University,Japan,52,667,594,304,1001,976,1001,541,70.2,36.5748441,139.2394179
927,Federal University of Santa Maria,Brazil,19,667,773,304,578,937,1001,1001,70.2,-10.3333333,-53.2
928,University of New Brunswick,Canada,27,667,741,304,890,848,1001,898,70.2,61.0666922,-107.991707
929,University of Caen Normandy,France,53,435,1001,304,906,730,916,1001,70.2,46.603354,1.8883335
930,University of South Bohemia in ?eské Bud?jovice,Czech Republic,5,667,1001,304,971,995,590,898,70.2,49.7439047,15.3381061
931,Osaka Prefecture University,Japan,53,667,580,304,804,804,1001,1001,70.2,36.5748441,139.2394179
932,Çukurova University,Turkey,11,667,1001,304,800,1001,955,673,70.2,38.9597594,34.9249653
933,Paris Nanterre University,France,54,467,632,99,1001,1001,1001,1001,70.2,46.603354,1.8883335
934,University of Alabama in Huntsville,USA,200,667,1001,304,1001,1001,461,673,70.2,39.7837304,-100.445882
935,Rochester Institute of Technology,USA,201,667,944,304,1001,975,689,541,70.2,39.7837304,-100.445882
936,Dublin City University,Ireland,5,667,914,304,968,875,1001,673,70.2,52.865196,-7.9794599
937,University of Hasselt,Belgium,9,667,534,304,973,806,1001,898,70.2,50.6402809,4.6667145
938,Dokuz Eylül University,Turkey,12,667,1001,304,707,1001,1001,898,70.2,38.9597594,34.9249653
939,University of Massachusetts Boston,USA,202,667,1001,304,1001,850,672,898,70.1,39.7837304,-100.445882
940,Jaume I University,Spain,36,667,1001,304,922,801,1001,898,70.1,39.3260685,-4.8379791
941,Nanjing University of Information Science and Technology,China,97,667,1001,304,766,883,1001,1001,70.1,30.047992,-94.3357433
942,Télécom ParisTech,France,55,298,47,304,1001,1001,1001,541,70.1,46.603354,1.8883335
943,San Francisco State University,USA,203,516,1001,275,1001,974,703,898,70.1,39.7837304,-100.445882
944,Zhejiang Normal University,China,98,667,1001,304,852,857,1001,898,70.1,30.047992,-94.3357433
945,Guangxi University,China,99,605,1001,304,844,860,1001,898,70.1,30.047992,-94.3357433
946,Jacobs University Bremen,Germany,53,667,1001,304,1001,969,817,460,70.1,40.4203479,-79.1166983
947,Howard University,USA,204,327,1001,304,1001,1001,744,541,70.1,39.7837304,-100.445882
948,University of Pécs,Hungary,6,667,1001,304,1001,1001,992,541,70.1,41.9767629,-72.7789842
949,University of Limerick,Ireland,6,667,863,304,927,867,1001,898,70.1,52.865196,-7.9794599
950,Tottori University,Japan,54,667,616,304,932,1001,984,673,70.1,36.5748441,139.2394179
951,Sciences Po,France,56,296,60,168,1001,1001,1001,898,70.1,46.603354,1.8883335
952,University of Windsor,Canada,28,667,167,304,933,849,1001,1001,70.1,61.0666922,-107.991707
953,Mie University,Japan,55,667,1001,304,929,966,1001,673,70.1,36.5748441,139.2394179
954,Nicolaus Copernicus University in Toru?,Poland,10,667,1001,304,778,953,796,1001,70.1,52.215933,19.134422
955,Hohai University,China,100,667,1001,304,679,892,1001,1001,70,30.047992,-94.3357433
956,King Juan Carlos University,Spain,37,667,1001,304,914,898,1001,898,70,39.3260685,-4.8379791
957,Royal College of Surgeons in Ireland,Ireland,7,667,1001,304,1001,925,667,673,70,52.865196,-7.9794599
958,University of Osnabrück,Germany,54,667,1001,304,1001,931,714,673,70,40.4203479,-79.1166983
959,University of Perpignan Via Domita,France,57,272,1001,304,1001,1001,726,541,70,46.603354,1.8883335
960,Qingdao University,China,101,667,1001,304,722,886,1001,1001,70,30.047992,-94.3357433
961,Sogang University,South Korea,34,667,653,304,838,885,978,1001,70,36.638392,127.6961188
962,University of Memphis,USA,205,667,500,304,918,831,899,1001,70,39.7837304,-100.445882
963,Hunter College,USA,206,395,1001,304,1001,884,702,898,70,39.7837304,-100.445882
964,North-West University,South Africa,7,591,1001,304,823,1001,681,1001,70,-28.8166236,24.991639
965,Ningbo University,China,102,667,1001,304,765,837,1001,1001,70,30.047992,-94.3357433
966,Shahid Beheshti University of Medical Sciences,Iran,11,667,1001,304,644,1001,949,1001,70,2.9368696,115.4443356
967,National Taiwan Ocean University,Taiwan,16,667,893,304,930,911,1001,898,70,23.5983227,120.8353769
968,INSA Toulouse,France,58,667,659,304,1001,871,777,898,70,46.603354,1.8883335
969,University of Antioquia,Colombia,3,667,1001,304,936,1001,783,898,70,4.099917,-72.9088133
970,Shantou University,China,103,667,1001,304,1001,1001,814,673,70,30.047992,-94.3357433
971,Chung Yuan Christian University,Taiwan,17,460,526,304,924,891,1001,898,69.9,23.5983227,120.8353769
972,Guangzhou Medical University,China,104,667,1001,304,864,913,880,1001,69.9,30.047992,-94.3357433
973,Amherst College,USA,207,21,66,304,1001,1001,983,1001,69.9,39.7837304,-100.445882
974,Yunnan University,China,105,667,1001,304,867,951,759,1001,69.9,30.047992,-94.3357433
975,Johannes Kepler University Linz,Austria,11,667,1001,304,947,853,825,1001,69.9,47.59397,14.12456
976,New York Medical College,USA,208,667,1001,304,1001,913,719,898,69.9,39.7837304,-100.445882
977,Missouri University of Science and Technology,USA,209,667,392,304,916,827,1001,1001,69.9,39.7837304,-100.445882
978,University of Maribor,Slovenia,2,667,1001,304,871,1001,1001,898,69.9,46.1199444,14.8153333
979,Atatürk University,Turkey,13,667,1001,304,674,1001,1001,898,69.9,38.9597594,34.9249653
980,Eastern Virginia Medical School,USA,210,667,1001,304,1001,1001,792,327,69.9,39.7837304,-100.445882
981,University of North Carolina at Greensboro,USA,211,667,1001,304,1001,938,1001,673,69.9,39.7837304,-100.445882
982,Beijing Forestry University,China,106,667,1001,304,837,840,1001,1001,69.9,30.047992,-94.3357433
983,Liverpool School of Tropical Medicine,United Kingdom,60,667,1001,304,1001,920,508,898,69.9,54.7023545,-3.2765753
984,University of Brighton,United Kingdom,61,667,1001,304,1001,873,727,1001,69.9,54.7023545,-3.2765753
985,Federal University of Bahia,Brazil,20,602,1001,304,793,981,985,1001,69.9,-10.3333333,-53.2
986,University of St. Gallen,Switzerland,9,667,32,304,1001,1001,1001,898,69.9,46.7985624,8.2319736
987,Xiangtan University,China,107,667,915,304,861,818,1001,1001,69.8,30.047992,-94.3357433
988,Manchester Metropolitan University,United Kingdom,62,667,960,304,1001,1001,856,673,69.8,54.7023545,-3.2765753
989,University of A Coruña,Spain,38,667,1001,304,847,832,1001,1001,69.8,39.3260685,-4.8379791
990,Khon Kaen University,Thailand,4,667,1001,304,879,1001,1001,898,69.8,13.03876215,101.7001761
991,University of Ibadan,Nigeria,1,540,1001,265,1001,1001,774,898,69.8,9.6000359,7.9999721
992,Shahid Beheshti University,Iran,12,667,1001,304,815,1001,1001,673,69.8,2.9368696,115.4443356
993,University of Massachusetts Lowell,USA,212,667,930,304,1001,989,1001,541,69.8,39.7837304,-100.445882
994,Loma Linda University,USA,213,180,1001,304,1001,949,890,898,69.8,39.7837304,-100.445882
995,University of Macau,Macau,1,667,512,304,883,816,1001,1001,69.8,22.1899448,113.5380454
996,Aga Khan University,Pakistan,3,667,1001,304,1001,1001,464,673,69.8,30.3308401,71.247499
997,University of Calcutta,India,17,353,716,296,798,966,1001,1001,69.8,22.3511148,78.6677428
998,K?chi University,Japan,56,667,1001,304,1001,1001,811,673,69.8,36.5748441,139.2394179
999,Soonchunhyang University,South Korea,35,667,1001,304,881,1001,1001,898,69.8,36.638392,127.6961188
1000,Capital Normal University,China,108,667,869,304,923,904,889,1001,69.8,30.047992,-94.3357433
